claim_id,claim,paper_location,proof_or_checker,source_or_test,experiment,figure_or_table,raw_result,maturity,fresh_recheck,independent_review
C01,Weak-fairness normalization and goal/deadlock observation order,Lemma 2.1,"proofs/core-argument.md: 1. Model, normalization, and observation order",proofs/core-argument.md; src/model.py; src/raw_oracle.py; tests/test_core.py,named semantic cases and 2500 raw-normalization cases,Figure 2,results/named.csv; results/raw.csv; results/tests.stderr.txt,mathematical proof and finite-checked,"2026-09-20: raw-semantics path, 62-reference audit, clean reproduction, paper rebuild, and artifact-only repair review",none; same-assistant self-audit only
C02,Liveness is non-monotone under additive edge insertion,Proposition 2.2,"proofs/core-argument.md: 1. Model, normalization, and observation order",tests/test_core.py: late enabledness controls,named semantic cases,Figure 2,results/tests.stderr.txt,mathematical proof and finite-checked,"2026-09-20: raw-semantics path, 62-reference audit, clean reproduction, paper rebuild, and artifact-only repair review",none; same-assistant self-audit only
C03,Closed first-return summary exactly characterizes fair pending runs; D(p) enters the interior on its first edge and never crosses another port,Theorem 3.2 and Corollary 3.3,proofs/core-argument.md: 2. Ports and closed summaries; src/summary_oracle.py,proofs/core-argument.md; src/producer.py; src/checker.py; src/summary_oracle.py; tests/test_core.py cross-port/direct-entry regression,"all verdict suites, exhaustive binding families, and tiny transfer models",Figure 1; Table 2,results/summary.json; results/binding.csv; results/resume-validation/tests.stderr.txt; transfer verdict/nonlive fields aggregate-only; results/targeted-validation.json,mathematical proof and finite-checked,2026-09-26: targeted D-locality definition/proof/code/test alignment passed; no transfer recomputation,none; same-assistant self-audit only
C04,"Raw module exports form an associative, commutative, idempotent join; one post-join closure equals closing the graph union, including exact union of first-step-local divergence",Definition 4.1 and Theorem 4.2,proofs/core-argument.md: 3. Sealed modules and exact late binding; docs/theorem-code-map.md,src/interfaces.py; src/producer.py; src/checker.py; src/summary_oracle.py; tests/test_core.py raw join and divergence-locality controls,"permutations, grouping, duplicate exports, generated module families, and 65635 exhaustive bindings",Figure 2; Table 1,results/modules.csv; results/binding.csv; results/resume-validation/tests.stderr.txt; results/targeted-validation.json,mathematical proof and finite-checked,2026-09-26: targeted D-locality definition/proof/code/test alignment passed; no transfer recomputation,none; same-assistant self-audit only
C05,Every displayed interface component is individually necessary in the stated context class,Theorem 4.3,proofs/core-argument.md: 4. Necessity of the exported components,"tests/test_core.py: interface component separations, cross-port divergence locality, and capacity separation",four top-level separations plus 64 capacity contexts,Table 1,results/tests.stderr.txt; results/targeted-validation.json,mathematical contextual separations and finite-checked,2026-09-26: targeted D-locality definition/proof/code/test alignment passed; no transfer recomputation,none; same-assistant self-audit only
C06,Positive block/rank certificates and negative lassos are complete,Theorem 5.1,proofs/core-argument.md: 5. Complete two-sided certificates,src/checker.py; deliberate certificate mutations,all suites and mutation controls,Table 2,results/tests.stderr.txt; results/cases/*.certificate.json,mathematical proof and finite-checked,"2026-09-20: raw-semantics path, 62-reference audit, clean reproduction, paper rebuild, and artifact-only repair review",none; same-assistant self-audit only
C07,Snapshot vertex elimination computes the same reachability and union capacities,Lemma 5.2,proofs/core-argument.md: 2. Ports and closed summaries - Elimination invariant,src/checker.py: reference_summary; src/summary_oracle.py,310463 summary comparisons across all finite suites,Table 2,results/summary.json; results/binding.csv,mathematical proof and finite-checked,"2026-09-20: raw-semantics path, 62-reference audit, clean reproduction, paper rebuild, and artifact-only repair review",none; same-assistant self-audit only
C08,Every fair bad execution has the stated bounded lasso,Lemma 5.3,proofs/core-argument.md: 5. Complete two-sided certificates,mathematical construction; checker validates expanded witnesses,named and generated negative cases,none,proofs/core-argument.md; results/cases/*.certificate.json,mathematical proof; witnesses finite-checked,"2026-09-20: raw-semantics path, 62-reference audit, clean reproduction, paper rebuild, and artifact-only repair review",none; same-assistant self-audit only
C09,Dense capacity information has tight worst-case order Theta(k|P|^2) in the fixed-entry context family,Theorem 6.1 and Corollary 6.2,proofs/core-argument.md: 6. Capacity-information lower bound; docs/theorem-code-map.md,tests/test_core.py: capacity information separation,64 fixed-entry contextual checks,none,results/tests.stderr.txt,mathematical counting/separation lower bound plus explicit dense upper bound and finite illustration,"2026-09-20: raw-semantics path, 62-reference audit, clean reproduction, paper rebuild, and artifact-only repair review",none; same-assistant self-audit only
C10,Equal weak interfaces need not preserve strong fairness,Proposition 6.3,proofs/core-argument.md: 7. Boundaries: strong fairness and merged states,src/oracle.py: strong_bad_run; strong-fairness test,named separation,none,results/tests.stderr.txt,mathematical counterexample and finite-checked,"2026-09-20: raw-semantics path, 62-reference audit, clean reproduction, paper rebuild, and artifact-only repair review",none; same-assistant self-audit only
C11,The bounded whole-graph state-by-color-mask oracle is exact within its complete-product budget,Proposition 7.1,proofs/core-argument.md: 8. Independent finite constructions and retained evidence,src/oracle.py,244824 in-budget comparisons,Table 2,results/summary.json,mathematical proof and finite-checked,"2026-09-20: raw-semantics path, 62-reference audit, clean reproduction, paper rebuild, and artifact-only repair review",none; same-assistant self-audit only
C12,Local quorum facts do not prevent the declared vote-reset starvation run,Example 2.5,paper example and proofs/core-argument.md: model boundary,src/fixtures.py: role-reset; quorum obligations; expanded refinement fixture,named case in both modes plus scheduler-expanded counterpart,none,results/quorum-obligations.json; results/cases/role-reset-*.certificate.json; results/refinement.json,finite toy-model result; no protocol claim,"2026-09-20: raw-semantics path, 62-reference audit, clean reproduction, paper rebuild, and artifact-only repair review",none; same-assistant self-audit only
C13,"The finite campaign has 244828 producer/checker verdict agreements, 310463 summary-oracle agreements, 244824 whole-graph agreements, 2500 raw-semantics agreements, and four explicit whole-graph exclusions",Section 7,src/campaign.py; reproduce.py,src/campaign.py; reproduce.py; src/summary_oracle.py; src/oracle.py; src/raw_oracle.py; tests/test_core.py,retained historical 19-chunk campaign and 22 tests; current all-completed resume reran tests and validated/reused 19 suite bundles,Table 2,results/summary.json; results/resume-validation/summary.json; results/binding.csv; results/raw.csv; results/transfer.json; results/transfer.csv; results/targeted-validation.json,retained measured finite checks; resume path targeted-validated; transfer 2038/1216 aggregates not recomputed,2026-09-26: all-reuse resume and one damaged-suite recomputation preserved frozen totals; transfer aggregates remained reused,none; same-assistant self-audit only
C14,Historical clean campaign resource measurements are retained as reported; its OS/interpreter environment is unknown,Section 7 resource paragraph,reproduce.py subprocess accounting,historical results/summary.json; current resume-only environment record,"historical clean resources retained without environment reconstruction; resume-only validation recorded Linux x86-64, CPython 3.13.5, and RSS units",resource paragraph,results/summary.json; results/resource-accounting.json; results/resume-validation/summary.json,historical measured values with unknown environment; current resume controller environment measured separately,2026-09-26: current Linux/CPython resource units recorded; historical OS/Python remains unknown,none; same-assistant self-audit only
C15,"Raw interface regrouping, reordering, and duplicate elimination preserve the export before one-shot closure","Definition 4.1, Theorem 4.2, and Section 4 algebra consequence",proofs/core-argument.md: 3. Sealed modules and exact late binding; docs/theorem-code-map.md,src/interfaces.py: join_exports; tests/test_core.py: raw join algebra and grouping,"permutation, grouping, idempotence, and closed-union equality controls",none,results/tests.stderr.txt,mathematical associativity argument and finite-checked,"2026-09-20: raw-semantics path, 62-reference audit, clean reproduction, paper rebuild, and artifact-only repair review",none; same-assistant self-audit only
C16,A fairness-reflecting finite abstraction transfers abstract liveness to concrete liveness,Proposition 2.4,proofs/core-argument.md: Fairness-reflecting abstraction transfer; src/refinement.py,"src/refinement.py; src/fixtures.py: expanded_role_model; tests/test_core.py: refinement fixture, mutations, and deadlock totalization",one 29-state-to-15-state accepted relation; five rejected obligation mutations; one rejected concrete-deadlock/abstract-goal regression; both-mode verdict comparison,none,results/role-reset-refinement.json; results/refinement.json; results/tests.stderr.txt,mathematical sufficient-condition proof and finite-checked synthetic instantiation; real protocol refinement remains open,"2026-09-20: raw-semantics path, 62-reference audit, clean reproduction, paper rebuild, and artifact-only repair review",none; same-assistant self-audit only
CAL01,"The closest-work delta was calibrated against 12 same-journal, 5 influential, and 5 adjacent full papers, with an adversarial addendum for the nearest compositional/fairness work",Section 8 positioning,docs/source-boundaries.md,structured targeted full-text calibration; external_resources.csv; 2026 closest-work addendum,structured targeted full-text calibration; external_resources.csv; 2026 closest-work follow-up,none,docs/source-boundaries.md; external_resources.csv; reference_audit.csv; paper/references.bib,completed literature calibration; not independent priority certification,"2026-09-20: raw-semantics path, 62-reference audit, clean reproduction, paper rebuild, and artifact-only repair review",none; same-assistant self-audit only
C17,The direct first-return mask-product construction matches both summary implementations on all retained inputs,Section 7 finite validation,proofs/core-argument.md: 8. Independent finite constructions and retained evidence; src/summary_oracle.py,src/summary_oracle.py; tests/test_core.py; src/campaign.py,310463 summary checks including 65635 exhaustive binding families,Table 2 and Section 7 text,results/summary.json; results/binding.csv,finite-checked independent implementation path; not a proof-assistant theorem,"2026-09-20: raw-semantics path, 62-reference audit, clean reproduction, paper rebuild, and artifact-only repair review",none; same-assistant self-audit only
C18,The executable abstraction-transfer contract preserves liveness on the retained exhaustive tiny-model family,Proposition 2.4 and Section 7 finite validation,proofs/core-argument.md: Fairness-reflecting abstraction transfer; src/refinement.py,src/campaign.py: transfer; tests/test_core.py: deadlock totalization,22186 relation candidates; 1358 accepted relations; 2116 unrestricted or finite-change implications; one deadlock regression,Table 2 and Section 7 text,results/summary.json; results/transfer.json; results/transfer.stdout.txt; results/transfer.csv; results/tests.stderr.txt,mathematical sufficient-condition proof and retained exhaustive finite family; 2038/1216 are aggregate-only and were not recomputed in the targeted repair,2026-09-26: provenance clarified only; transfer.csv has two family rows and 2038/1216 remained retained aggregates,none; same-assistant self-audit only
C19,The parser-independent raw-semantics oracle agrees with normalized producer verdicts on 2500 exhaustive bounded weak-service cases,Section 7 finite validation,src/raw_oracle.py; proofs/core-argument.md: independent finite constructions and retained evidence,src/campaign.py: raw; tests/test_core.py: raw semantics and enabledness/deadlock regressions,2500 exhaustive two-state weak-service verdict comparisons across goal and no-goal families in both change modes,Table 2 and Section 7 text,results/summary.json; results/raw.csv; results/raw.json; results/tests.stderr.txt,finite-checked parser/normalization-independent implementation path; not a proof-assistant theorem,2026-09-20: clean raw campaign and paper reconciliation,none; same-assistant self-audit only
CAL02,"The bibliography contains 62 scholarly entries, all 62 are cited, and each key has a verified audit row with a persistent record",References and Section 8 positioning,paper/check_references.py; reference_audit.csv,paper/references.bib; paper/main.tex; tests/test_core.py: reference inventory,fail-closed bibliography/citation/audit reconciliation at every paper build,none,reference_audit.csv; external_resources.csv; paper/references.bib,bibliographic identity and citation-coverage audit; not an independent systematic review or priority proof,"2026-09-20: 62/62 key, title, author, year, type, and venue reconciliation",none; same-assistant source audit only
C20,"Article theorems and computational propositions have a code/test/result crosswalk, and resume provenance separates current commands from validated reuse",Artifact traceability claim,docs/theorem-code-map.md,docs/theorem-code-map.md; tests/test_core.py; reproduce.py resume validation,"manual crosswalk; zero/one/all completed plans; missing log, corrupt JSON, nonempty stderr, wrong core range; actual all-reuse and single-suite recomputation",none,docs/theorem-code-map.md; results/summary.json; results/resume-validation/summary.json; results/resume-validation/damaged-named-summary.json; results/targeted-validation.json,traceability and resume-provenance documentation; not an independent correctness proof,2026-09-26: static 20-command resume failure removed; reuse/execution provenance and damaged-record path validated,same-assistant artifact audit only
