name,url,license_or_rights,access_date,resource_type,acquisition_method,integration_mode,supported_claim,internals_modified
Defining Liveness,https://doi.org/10.1016/0020-0190(85)90056-0,Publisher/author rights; citation and paraphrase only; no source text or PDF redistributed,2026-09-11,journal article,"Structured influential-foundation full-text calibration: problem, central theorem/mechanism, proof/evidence pattern, limits",Manuscript citation/paraphrase and literature calibration only; no external code/data integrated,"Fairness/liveness definition, semantic distinction, or contextual boundary",no
Recognizing Safety and Liveness,https://doi.org/10.1007/BF01782772,Publisher/author rights; citation and paraphrase only; no source text or PDF redistributed,2026-09-11,journal article,Bibliographic metadata verification and claim-targeted scholarly reading,Manuscript citation/paraphrase and literature calibration only; no external code/data integrated,"Fairness/liveness definition, semantic distinction, or contextual boundary",no
Proving the Correctness of Multiprocess Programs,https://doi.org/10.1109/TSE.1977.229904,Publisher/author rights; citation and paraphrase only; no source text or PDF redistributed,2026-09-11,journal article,Bibliographic metadata verification and claim-targeted scholarly reading,Manuscript citation/paraphrase and literature calibration only; no external code/data integrated,"Fairness/liveness definition, semantic distinction, or contextual boundary",no
Proving Liveness Properties of Concurrent Programs,https://doi.org/10.1145/357172.357178,Publisher/author rights; citation and paraphrase only; no source text or PDF redistributed,2026-09-11,journal article,Bibliographic metadata verification and claim-targeted scholarly reading,Manuscript citation/paraphrase and literature calibration only; no external code/data integrated,"Fairness/liveness definition, semantic distinction, or contextual boundary",no
Appraising Fairness in Languages for Distributed Programming,https://cris.technion.ac.il/en/publications/appraising-fairness-in-languages-for-distributed-programming,Publisher/author rights; citation and paraphrase only; no source text or PDF redistributed,2026-09-11,journal article,Bibliographic metadata verification and claim-targeted scholarly reading,Manuscript citation/paraphrase and literature calibration only; no external code/data integrated,"Fairness/liveness definition, semantic distinction, or contextual boundary",no
Fairness,https://doi.org/10.1007/978-1-4612-4886-6,Publisher/author rights; citation and paraphrase only; no source text or PDF redistributed,2026-09-11,scholarly book,Bibliographic metadata verification and claim-targeted scholarly reading,Manuscript citation/paraphrase and literature calibration only; no external code/data integrated,"Fairness/liveness definition, semantic distinction, or contextual boundary",no
The Temporal Logic of Reactive and Concurrent Systems: Specification,https://doi.org/10.1007/978-1-4612-0931-7,Publisher/author rights; citation and paraphrase only; no source text or PDF redistributed,2026-09-11,scholarly book,Bibliographic metadata verification and claim-targeted scholarly reading,Manuscript citation/paraphrase and literature calibration only; no external code/data integrated,"Fairness/liveness definition, semantic distinction, or contextual boundary",no
Weak and Strong Fairness in CCS,https://doi.org/10.1016/0890-5401(87)90013-7,Publisher/author rights; citation and paraphrase only; no source text or PDF redistributed,2026-09-11,journal article,"Structured same-journal full-text calibration: introduction, model/definitions, main result/proof architecture, conclusion/limits",Manuscript citation/paraphrase and literature calibration only; no external code/data integrated,"Fairness/liveness definition, semantic distinction, or contextual boundary",no
Strong Fairness and Full Abstraction for Communicating Processes,https://doi.org/10.1006/inco.2000.2886,Publisher/author rights; citation and paraphrase only; no source text or PDF redistributed,2026-09-11,journal article,"Structured same-journal full-text calibration: introduction, model/definitions, main result/proof architecture, conclusion/limits",Manuscript citation/paraphrase and literature calibration only; no external code/data integrated,"Fairness/liveness definition, semantic distinction, or contextual boundary",no
"Quiescence, Fairness, Testing, and the Notion of Implementation",https://doi.org/10.1006/inco.1997.2652,Publisher/author rights; citation and paraphrase only; no source text or PDF redistributed,2026-09-11,journal article,"Structured same-journal full-text calibration: introduction, model/definitions, main result/proof architecture, conclusion/limits",Manuscript citation/paraphrase and literature calibration only; no external code/data integrated,"Fairness/liveness definition, semantic distinction, or contextual boundary",no
Fair Testing,https://doi.org/10.1016/j.ic.2006.06.002,Publisher/author rights; citation and paraphrase only; no source text or PDF redistributed,2026-09-11,journal article,"Structured same-journal full-text calibration: introduction, model/definitions, main result/proof architecture, conclusion/limits",Manuscript citation/paraphrase and literature calibration only; no external code/data integrated,"Fairness/liveness definition, semantic distinction, or contextual boundary",no
The Coarsest Precongruences Respecting Safety and Liveness Properties,https://doi.org/10.1007/978-3-642-15240-5_3,Publisher/author rights; citation and paraphrase only; no source text or PDF redistributed,2026-09-11,conference paper,Bibliographic metadata verification and claim-targeted scholarly reading,Manuscript citation/paraphrase and literature calibration only; no external code/data integrated,"Fairness/liveness definition, semantic distinction, or contextual boundary",no
"Progress, Justness, and Fairness",https://doi.org/10.1145/3329125,Publisher/author rights; citation and paraphrase only; no source text or PDF redistributed,2026-09-11,journal article,Bibliographic metadata verification and claim-targeted scholarly reading,Manuscript citation/paraphrase and literature calibration only; no external code/data integrated,"Fairness/liveness definition, semantic distinction, or contextual boundary",no
On a Decision Method in Restricted Second-Order Arithmetic,https://dblp.org/rec/conf/ifip/Buchi62.html,Publisher/author rights; citation and paraphrase only; no source text or PDF redistributed,2026-09-11,conference paper,Bibliographic metadata verification and claim-targeted scholarly reading,Manuscript citation/paraphrase and literature calibration only; no external code/data integrated,"Omega-automata, model-checking, fair-simulation, or certification baseline",no
An Automata-Theoretic Approach to Automatic Program Verification,https://www.cs.rice.edu/~vardi/papers/lics86.pdf,Publisher/author rights; citation and paraphrase only; no source text or PDF redistributed,2026-09-11,conference paper,"Structured influential-foundation full-text calibration: problem, central theorem/mechanism, proof/evidence pattern, limits",Manuscript citation/paraphrase and literature calibration only; no external code/data integrated,"Omega-automata, model-checking, fair-simulation, or certification baseline",no
Reasoning about Infinite Computations,https://doi.org/10.1006/inco.1994.1092,Publisher/author rights; citation and paraphrase only; no source text or PDF redistributed,2026-09-11,journal article,"Structured same-journal full-text calibration: introduction, model/definitions, main result/proof architecture, conclusion/limits",Manuscript citation/paraphrase and literature calibration only; no external code/data integrated,"Omega-automata, model-checking, fair-simulation, or certification baseline",no
The Complementation Problem for Büchi Automata with Applications to Temporal Logic,https://doi.org/10.1016/0304-3975(87)90008-9,Publisher/author rights; citation and paraphrase only; no source text or PDF redistributed,2026-09-11,journal article,Bibliographic metadata verification and claim-targeted scholarly reading,Manuscript citation/paraphrase and literature calibration only; no external code/data integrated,"Omega-automata, model-checking, fair-simulation, or certification baseline",no
Memory-Efficient Algorithms for the Verification of Temporal Properties,https://doi.org/10.1007/BF00121128,Publisher/author rights; citation and paraphrase only; no source text or PDF redistributed,2026-09-11,journal article,Bibliographic metadata verification and claim-targeted scholarly reading,Manuscript citation/paraphrase and literature calibration only; no external code/data integrated,"Omega-automata, model-checking, fair-simulation, or certification baseline",no
Automatic Verification of Finite-State Concurrent Systems Using Temporal Logic Specifications,https://doi.org/10.1145/5397.5399,Publisher/author rights; citation and paraphrase only; no source text or PDF redistributed,2026-09-11,journal article,Bibliographic metadata verification and claim-targeted scholarly reading,Manuscript citation/paraphrase and literature calibration only; no external code/data integrated,"Omega-automata, model-checking, fair-simulation, or certification baseline",no
Symbolic Model Checking: $10^20$ States and Beyond,https://doi.org/10.1016/0890-5401(92)90017-A,Publisher/author rights; citation and paraphrase only; no source text or PDF redistributed,2026-09-11,journal article,"Structured same-journal full-text calibration: introduction, model/definitions, main result/proof architecture, conclusion/limits",Manuscript citation/paraphrase and literature calibration only; no external code/data integrated,"Omega-automata, model-checking, fair-simulation, or certification baseline",no
Simple On-the-Fly Automatic Verification of Linear Temporal Logic,https://www.cs.rice.edu/~vardi/papers/pstv95rj.pdf,Publisher/author rights; citation and paraphrase only; no source text or PDF redistributed,2026-09-11,conference paper,Bibliographic metadata verification and claim-targeted scholarly reading,Manuscript citation/paraphrase and literature calibration only; no external code/data integrated,"Omega-automata, model-checking, fair-simulation, or certification baseline",no
Fair Simulation,https://doi.org/10.1006/inco.2001.3085,Publisher/author rights; citation and paraphrase only; no source text or PDF redistributed,2026-09-11,journal article,"Structured same-journal full-text calibration: introduction, model/definitions, main result/proof architecture, conclusion/limits",Manuscript citation/paraphrase and literature calibration only; no external code/data integrated,"Omega-automata, model-checking, fair-simulation, or certification baseline",no
Applicability of Fair Simulation,https://doi.org/10.1016/j.ic.2004.02.005,Publisher/author rights; citation and paraphrase only; no source text or PDF redistributed,2026-09-11,journal article,"Structured same-journal full-text calibration: introduction, model/definitions, main result/proof architecture, conclusion/limits",Manuscript citation/paraphrase and literature calibration only; no external code/data integrated,"Omega-automata, model-checking, fair-simulation, or certification baseline",no
Bridging the Gap between Fair Simulation and Trace Inclusion,https://doi.org/10.1016/j.ic.2005.01.006,Publisher/author rights; citation and paraphrase only; no source text or PDF redistributed,2026-09-11,journal article,"Structured same-journal full-text calibration: introduction, model/definitions, main result/proof architecture, conclusion/limits",Manuscript citation/paraphrase and literature calibration only; no external code/data integrated,"Omega-automata, model-checking, fair-simulation, or certification baseline",no
"Fair Simulation Relations, Parity Games, and State Space Reduction for Büchi Automata",https://doi.org/10.1137/S0097539703420675,Publisher/author rights; citation and paraphrase only; no source text or PDF redistributed,2026-09-11,journal article,Bibliographic metadata verification and claim-targeted scholarly reading,Manuscript citation/paraphrase and literature calibration only; no external code/data integrated,"Omega-automata, model-checking, fair-simulation, or certification baseline",no
Model Checking of Safety Properties,https://doi.org/10.1023/A:1011254632723,Publisher/author rights; citation and paraphrase only; no source text or PDF redistributed,2026-09-11,journal article,Bibliographic metadata verification and claim-targeted scholarly reading,Manuscript citation/paraphrase and literature calibration only; no external code/data integrated,"Omega-automata, model-checking, fair-simulation, or certification baseline",no
Certifying Model Checkers,https://doi.org/10.1007/3-540-44585-4_2,Publisher/author rights; citation and paraphrase only; no source text or PDF redistributed,2026-09-11,conference paper,Bibliographic metadata verification and claim-targeted scholarly reading,Manuscript citation/paraphrase and literature calibration only; no external code/data integrated,"Omega-automata, model-checking, fair-simulation, or certification baseline",no
From Complementation to Certification,https://doi.org/10.1007/978-3-540-24730-2_43,Publisher/author rights; citation and paraphrase only; no source text or PDF redistributed,2026-09-11,conference paper,Bibliographic metadata verification and claim-targeted scholarly reading,Manuscript citation/paraphrase and literature calibration only; no external code/data integrated,"Omega-automata, model-checking, fair-simulation, or certification baseline",no
Model Checking,https://mitpress.mit.edu/9780262032704/model-checking/,Publisher/author rights; citation and paraphrase only; no source text or PDF redistributed,2026-09-11,scholarly book,Bibliographic metadata verification and claim-targeted scholarly reading,Manuscript citation/paraphrase and literature calibration only; no external code/data integrated,"Omega-automata, model-checking, fair-simulation, or certification baseline",no
Principles of Model Checking,https://mitpress.mit.edu/9780262026499/principles-of-model-checking/,Publisher/author rights; citation and paraphrase only; no source text or PDF redistributed,2026-09-11,scholarly book,Bibliographic metadata verification and claim-targeted scholarly reading,Manuscript citation/paraphrase and literature calibration only; no external code/data integrated,"Omega-automata, model-checking, fair-simulation, or certification baseline",no
Tentative Steps Toward a Development Method for Interfering Programs,https://doi.org/10.1145/69575.69577,Publisher/author rights; citation and paraphrase only; no source text or PDF redistributed,2026-09-11,journal article,Bibliographic metadata verification and claim-targeted scholarly reading,Manuscript citation/paraphrase and literature calibration only; no external code/data integrated,Compositional/open-system verification baseline and operator boundary,no
Conjoining Specifications,https://doi.org/10.1145/203095.201069,Publisher/author rights; citation and paraphrase only; no source text or PDF redistributed,2026-09-11,journal article,Bibliographic metadata verification and claim-targeted scholarly reading,Manuscript citation/paraphrase and literature calibration only; no external code/data integrated,Compositional/open-system verification baseline and operator boundary,no
An Introduction to Input/Output Automata,https://groups.csail.mit.edu/tds/papers/Lynch/CWI89.html,Publisher/author rights; citation and paraphrase only; no source text or PDF redistributed,2026-09-11,journal article,Bibliographic metadata verification and claim-targeted scholarly reading,Manuscript citation/paraphrase and literature calibration only; no external code/data integrated,Compositional/open-system verification baseline and operator boundary,no
Forward and Backward Simulations-Part I: Untimed Systems,https://doi.org/10.1006/inco.1995.1134,Publisher/author rights; citation and paraphrase only; no source text or PDF redistributed,2026-09-11,journal article,Bibliographic metadata verification and claim-targeted scholarly reading,Manuscript citation/paraphrase and literature calibration only; no external code/data integrated,Compositional/open-system verification baseline and operator boundary,no
Reactive Modules,https://doi.org/10.1023/A:1008739929481,Publisher/author rights; citation and paraphrase only; no source text or PDF redistributed,2026-09-11,journal article,Bibliographic metadata verification and claim-targeted scholarly reading,Manuscript citation/paraphrase and literature calibration only; no external code/data integrated,Compositional/open-system verification baseline and operator boundary,no
Interface Automata,https://doi.org/10.1145/503209.503226,Publisher/author rights; citation and paraphrase only; no source text or PDF redistributed,2026-09-11,conference paper,"Structured influential-foundation full-text calibration: problem, central theorem/mechanism, proof/evidence pattern, limits",Manuscript citation/paraphrase and literature calibration only; no external code/data integrated,Compositional/open-system verification baseline and operator boundary,no
Module Checking,https://doi.org/10.1006/inco.2000.2893,Publisher/author rights; citation and paraphrase only; no source text or PDF redistributed,2026-09-11,journal article,"Structured same-journal full-text calibration: introduction, model/definitions, main result/proof architecture, conclusion/limits",Manuscript citation/paraphrase and literature calibration only; no external code/data integrated,Compositional/open-system verification baseline and operator boundary,no
Learning Assumptions for Compositional Verification,https://doi.org/10.1007/3-540-36577-X_24,Publisher/author rights; citation and paraphrase only; no source text or PDF redistributed,2026-09-11,conference paper,Bibliographic metadata verification and claim-targeted scholarly reading,Manuscript citation/paraphrase and literature calibration only; no external code/data integrated,Compositional/open-system verification baseline and operator boundary,no
Learning to Divide and Conquer: Applying the $L^*$ Algorithm to Automate Assume-Guarantee Reasoning,https://doi.org/10.1007/s10703-008-0049-6,Publisher/author rights; citation and paraphrase only; no source text or PDF redistributed,2026-09-11,journal article,Bibliographic metadata verification and claim-targeted scholarly reading,Manuscript citation/paraphrase and literature calibration only; no external code/data integrated,Compositional/open-system verification baseline and operator boundary,no
Compositional Verification and 3-Valued Abstractions Join Forces,https://doi.org/10.1016/j.ic.2009.10.002,Publisher/author rights; citation and paraphrase only; no source text or PDF redistributed,2026-09-11,journal article,"Structured same-journal full-text calibration: introduction, model/definitions, main result/proof architecture, conclusion/limits",Manuscript citation/paraphrase and literature calibration only; no external code/data integrated,Compositional/open-system verification baseline and operator boundary,no
Compositional Probabilistic Verification through Multi-Objective Model Checking,https://doi.org/10.1016/j.ic.2013.10.001,Publisher/author rights; citation and paraphrase only; no source text or PDF redistributed,2026-09-11,journal article,"Structured same-journal full-text calibration: introduction, model/definitions, main result/proof architecture, conclusion/limits",Manuscript citation/paraphrase and literature calibration only; no external code/data integrated,Compositional/open-system verification baseline and operator boundary,no
Almost Fair Simulations,https://doi.org/10.1145/3747512,Publisher/author rights; citation and paraphrase only; no source text or PDF redistributed,2026-09-12,journal article,Publisher/CISPA metadata verification and claim-targeted full-text reading,Manuscript citation/paraphrase and closest-work calibration only; no external code/data integrated,Fair-simulation and mechanized fair-trace-inclusion baseline,no
Impossibility of Distributed Consensus with One Faulty Process,https://doi.org/10.1145/3149.214121,Publisher/author rights; citation and paraphrase only; no source text or PDF redistributed,2026-09-11,journal article,"Structured influential-foundation full-text calibration: problem, central theorem/mechanism, proof/evidence pattern, limits",Manuscript citation/paraphrase and literature calibration only; no external code/data integrated,"Consensus, reconfiguration, Byzantine-liveness, or verified-systems comparison boundary",no
Consensus in the Presence of Partial Synchrony,https://doi.org/10.1145/42282.42283,Publisher/author rights; citation and paraphrase only; no source text or PDF redistributed,2026-09-11,journal article,Bibliographic metadata verification and claim-targeted scholarly reading,Manuscript citation/paraphrase and literature calibration only; no external code/data integrated,"Consensus, reconfiguration, Byzantine-liveness, or verified-systems comparison boundary",no
The Part-Time Parliament,https://doi.org/10.1145/279227.279229,Publisher/author rights; citation and paraphrase only; no source text or PDF redistributed,2026-09-11,journal article,Bibliographic metadata verification and claim-targeted scholarly reading,Manuscript citation/paraphrase and literature calibration only; no external code/data integrated,"Consensus, reconfiguration, Byzantine-liveness, or verified-systems comparison boundary",no
Vertical Paxos and Primary-Backup Replication,https://doi.org/10.1145/1582716.1582783,Publisher/author rights; citation and paraphrase only; no source text or PDF redistributed,2026-09-11,conference paper,"Structured adjacent-work full-text calibration: system/model, reconfiguration or liveness mechanism, guarantee, limits",Manuscript citation/paraphrase and literature calibration only; no external code/data integrated,"Consensus, reconfiguration, Byzantine-liveness, or verified-systems comparison boundary",no
In Search of an Understandable Consensus Algorithm,https://www.usenix.org/conference/atc14/technical-sessions/presentation/ongaro,Publisher/author rights; citation and paraphrase only; no source text or PDF redistributed,2026-09-11,conference paper,Bibliographic metadata verification and claim-targeted scholarly reading,Manuscript citation/paraphrase and literature calibration only; no external code/data integrated,"Consensus, reconfiguration, Byzantine-liveness, or verified-systems comparison boundary",no
RAMBO: A Reconfigurable Atomic Memory Service for Dynamic Networks,https://doi.org/10.1007/3-540-36108-1_12,Publisher/author rights; citation and paraphrase only; no source text or PDF redistributed,2026-09-11,conference paper,"Structured adjacent-work full-text calibration: system/model, reconfiguration or liveness mechanism, guarantee, limits",Manuscript citation/paraphrase and literature calibration only; no external code/data integrated,"Consensus, reconfiguration, Byzantine-liveness, or verified-systems comparison boundary",no
Dynamic Atomic Storage without Consensus,https://doi.org/10.1145/1944345.1944348,Publisher/author rights; citation and paraphrase only; no source text or PDF redistributed,2026-09-11,journal article,"Structured adjacent-work full-text calibration: system/model, reconfiguration or liveness mechanism, guarantee, limits",Manuscript citation/paraphrase and literature calibration only; no external code/data integrated,"Consensus, reconfiguration, Byzantine-liveness, or verified-systems comparison boundary",no
On Liveness of Dynamic Storage,https://doi.org/10.1007/978-3-319-72050-0_21,Publisher/author rights; citation and paraphrase only; no source text or PDF redistributed,2026-09-11,conference paper,"Structured adjacent-work full-text calibration: system/model, reconfiguration or liveness mechanism, guarantee, limits",Manuscript citation/paraphrase and literature calibration only; no external code/data integrated,"Consensus, reconfiguration, Byzantine-liveness, or verified-systems comparison boundary",no
Practical Byzantine Fault Tolerance,https://www.usenix.org/conference/osdi-99/practical-byzantine-fault-tolerance,Publisher/author rights; citation and paraphrase only; no source text or PDF redistributed,2026-09-11,conference paper,"Structured influential-foundation full-text calibration: problem, central theorem/mechanism, proof/evidence pattern, limits",Manuscript citation/paraphrase and literature calibration only; no external code/data integrated,"Consensus, reconfiguration, Byzantine-liveness, or verified-systems comparison boundary",no
Algorand: Scaling Byzantine Agreements for Cryptocurrencies,https://doi.org/10.1145/3132747.3132757,Publisher/author rights; citation and paraphrase only; no source text or PDF redistributed,2026-09-11,conference paper,Bibliographic metadata verification and claim-targeted scholarly reading,Manuscript citation/paraphrase and literature calibration only; no external code/data integrated,"Consensus, reconfiguration, Byzantine-liveness, or verified-systems comparison boundary",no
HotStuff: BFT Consensus with Linearity and Responsiveness,https://doi.org/10.1145/3293611.3331591,Publisher/author rights; citation and paraphrase only; no source text or PDF redistributed,2026-09-11,conference paper,Bibliographic metadata verification and claim-targeted scholarly reading,Manuscript citation/paraphrase and literature calibration only; no external code/data integrated,"Consensus, reconfiguration, Byzantine-liveness, or verified-systems comparison boundary",no
Verdi: A Framework for Implementing and Formally Verifying Distributed Systems,https://doi.org/10.1145/2737924.2737958,Publisher/author rights; citation and paraphrase only; no source text or PDF redistributed,2026-09-11,conference paper,Bibliographic metadata verification and claim-targeted scholarly reading,Manuscript citation/paraphrase and literature calibration only; no external code/data integrated,"Consensus, reconfiguration, Byzantine-liveness, or verified-systems comparison boundary",no
IronFleet: Proving Practical Distributed Systems Correct,https://doi.org/10.1145/2815400.2815428,Publisher/author rights; citation and paraphrase only; no source text or PDF redistributed,2026-09-11,conference paper,Bibliographic metadata verification and claim-targeted scholarly reading,Manuscript citation/paraphrase and literature calibration only; no external code/data integrated,"Consensus, reconfiguration, Byzantine-liveness, or verified-systems comparison boundary",no
Shipwright: Proving Liveness of Distributed Systems with Byzantine Participants,https://arxiv.org/abs/2507.14080,Publisher/author rights; citation and paraphrase only; no source text or PDF redistributed,2026-09-11,scholarly preprint,"Structured adjacent-work full-text calibration: system/model, reconfiguration or liveness mechanism, guarantee, limits",Manuscript citation/paraphrase and literature calibration only; no external code/data integrated,"Consensus, reconfiguration, Byzantine-liveness, or verified-systems comparison boundary",no
Compositional SCC Analysis for Language Emptiness,https://doi.org/10.1007/s10703-006-4617-3,Publisher/author rights; citation and paraphrase only; no source text or PDF redistributed,2026-09-12,journal article,"Publisher abstract, bibliographic record, and claim-targeted full-text/primary-source review",Manuscript citation/paraphrase and closest-work calibration only; no external code/data integrated,Closest compositional fair-cycle/SCC baseline and distinction from exact boundary summaries,no
Partial Model Checking Using Networks of Labelled Transition Systems and Boolean Equation Systems,https://doi.org/10.2168/LMCS-9(4:1)2013,Publisher/author rights; citation and paraphrase only; no source text or PDF redistributed,2026-09-12,journal article,Open journal full text and bibliographic metadata review,Manuscript citation/paraphrase and closest-work calibration only; no external code/data integrated,Closest formula-quotienting and broad composition-operator baseline,no
Keep It Fair: Equivalence and Composition,https://doi.org/10.1016/j.jlamp.2019.01.004,Publisher/author rights; citation and paraphrase only; no source text or PDF redistributed,2026-09-12,journal article,Publisher/arXiv bibliographic and claim-targeted full-text review,Manuscript citation/paraphrase and closest-work calibration only; no external code/data integrated,Fairness-sensitive equivalence and composition boundary,no
Information and Computation Guide for Authors,https://www.sciencedirect.com/journal/information-and-computation/publish/guide-for-authors,Publisher website; not redistributed,2026-09-16,workflow policy,"Official URL rechecked; search index exposed limited metadata but direct automated retrieval returned HTTP 403, so journal-specific live rules remain unverified",Readiness note only; not a scholarly manuscript reference,Live journal-specific submission requirements remain a pre-external-use hold,no
Elsevier LaTeX instructions,https://www.elsevier.com/researcher/author/policies-and-guidelines/latex-instructions,Publisher website; not redistributed,2026-09-16,workflow policy,"Current official publisher page rechecked: elsarticle family, initial-PDF guidance, source-file item types, archive option, and flat Editorial Manager file layout",Formatting/readiness only; not a scholarly manuscript reference,Use of elsarticle internally; external source upload must follow current flat-file and journal-specific rules,no
elsarticle class and numeric bibliography style,https://www.elsevier.com/researcher/author/policies-and-guidelines/latex-instructions,LPPL 1.3 or later; notices retained in supplied files,2026-09-16,publisher template,User-supplied matched template inspected; current official Elsevier page confirms the elsarticle family; supplied files retained unmodified,Unmodified class and bibliography style in paper/,Publication-format rendering only,no
Compositional Verification of Composite Byzantine Protocols,https://doi.org/10.1145/3658644.3690355,Publisher/author rights; citation and paraphrase only; no source text or PDF redistributed,2026-09-15,conference paper,Publisher bibliographic record and claim-targeted primary-paper review,Manuscript citation/paraphrase and closest-work calibration only; no external code/data integrated,Protocol-level mechanized composition of Byzantine safety/liveness versus the restricted finite-graph interface boundary,no
LiDO: Linearizable Byzantine Distributed Objects with Refinement-Based Liveness Proofs,https://doi.org/10.1145/3656423,Publisher/author rights; citation and paraphrase only; no source text or PDF redistributed,2026-09-15,journal article,Publisher bibliographic record and claim-targeted primary-paper review,Manuscript citation/paraphrase and closest-work calibration only; no external code/data integrated,Refinement-based Byzantine-object liveness is a stronger protocol connection that remains external to this checker,no
Adore: Atomic Distributed Objects with Certified Reconfiguration,https://doi.org/10.1145/3519939.3523444,Publisher/author rights; citation and paraphrase only; no source text or PDF redistributed,2026-09-15,conference paper,Open author page/publisher metadata and claim-targeted primary-paper review,Manuscript citation/paraphrase and closest-work calibration only; no external code/data integrated,Protocol-level certified reconfiguration safety and the separation from this liveness-interface theorem,no
Formal Verification of a Distributed Dynamic Reconfiguration Protocol,https://doi.org/10.1145/3497775.3503688,Publisher/author rights; citation and paraphrase only; no source text or PDF redistributed,2026-09-15,conference paper,Publisher/arXiv metadata and claim-targeted primary-paper review,Manuscript citation/paraphrase and closest-work calibration only; no external code/data integrated,Machine-checked protocol reconfiguration safety remains separate from weak-fair liveness certificates,no
Liveness Proofs for Hardware Model Checking,https://doi.org/10.1007/978-3-032-32537-2_1,Publisher/author rights; citation and paraphrase only; no source text or PDF redistributed,2026-09-15,conference paper,Open proceedings full text and publisher bibliographic metadata review,Manuscript citation/paraphrase and closest-work calibration only; no external code/data integrated,Generic propositional liveness certificates are distinct from the finite first-return ranks and lassos used here,no
Appraising Fairness in Languages for Distributed Programming,https://doi.org/10.1007/BF01872848,Publisher/author rights; citation and paraphrase only; no source text or PDF redistributed,2026-09-16,journal article,Primary full text and publisher bibliographic metadata rechecked; journal article distinguished from preliminary conference version,Manuscript citation/paraphrase and literature calibration only; no external code/data integrated,Fairness definitions and task/process fairness distinctions,no
Liveness and Latency of Byzantine State-Machine Replication,https://doi.org/10.4230/LIPIcs.DISC.2022.12,Publisher/author rights; citation and paraphrase only; no source text or PDF redistributed,2026-09-16,conference paper,Official DROPS metadata and claim-targeted primary-paper review,Manuscript citation/paraphrase and closest-work calibration only; no external code/data integrated,Protocol-level Byzantine liveness and latency require synchronizer/timing obligations outside the finite-graph interface,no
A Fairness-Based Refinement Strategy to Transform Liveness Properties in Event-B Models,https://doi.org/10.1016/j.scico.2022.102907,Publisher/author rights; citation and paraphrase only; no source text or PDF redistributed,2026-09-16,journal article,Publisher and institutional metadata plus claim-targeted primary-paper review,Manuscript citation/paraphrase and closest-work calibration only; no external code/data integrated,Fairness-aware refinement uses explicit proof obligations beyond transition reachability,no
Completing Almost Fair Simulations,https://doi.org/10.4230/LIPIcs.ITP.2026.20,CC BY 4.0 official proceedings; citation and paraphrase only; no source text or PDF redistributed,2026-09-20,conference paper,Official DROPS metadata and open full-text claim-targeted review,Manuscript citation/paraphrase and closest-work calibration only; no external code/data integrated,Mechanized sound and complete deductive system for fair similarity is a stronger relational alternative,no
