bibkey,title,authors,year,entry_type,venue_or_series,volume_issue_pages,persistent_identifier_or_record,verification_source,checked_on,verification_basis,manuscript_role,status,notes
alpern-defining,Defining Liveness,"Alpern, Bowen and Schneider, Fred B.",1985,article,Information Processing Letters,vol. 21; no. 4; pp. 181--185,10.1016/0020-0190(85)90056-0,https://doi.org/10.1016/0020-0190(85)90056-0,2026-09-11,"Structured influential-foundation full-text calibration: problem, central theorem/mechanism, proof/evidence pattern, limits","Fairness/liveness definition, semantic distinction, or contextual boundary",verified,Bibliographic identity checked; manuscript wording remains claim-bounded and paraphrased.
alpern-recognizing,Recognizing Safety and Liveness,"Alpern, Bowen and Schneider, Fred B.",1987,article,Distributed Computing,vol. 2; no. 3; pp. 117--126,10.1007/BF01782772,https://doi.org/10.1007/BF01782772,2026-09-16,"Publisher metadata rechecked; title, authors, journal, volume, pages, year, and DOI verified","Fairness/liveness definition, semantic distinction, or contextual boundary",verified,Bibliographic identity checked; manuscript wording remains claim-bounded and paraphrased.
lamport-1977,Proving the Correctness of Multiprocess Programs,"Lamport, Leslie",1977,article,IEEE Transactions on Software Engineering,vol. SE-3; no. 2; pp. 125--143,10.1109/TSE.1977.229904,https://doi.org/10.1109/TSE.1977.229904,2026-09-11,Bibliographic metadata verification and claim-targeted scholarly reading,"Fairness/liveness definition, semantic distinction, or contextual boundary",verified,Bibliographic identity checked; manuscript wording remains claim-bounded and paraphrased.
owicki-lamport,Proving Liveness Properties of Concurrent Programs,"Owicki, Susan and Lamport, Leslie",1982,article,ACM Transactions on Programming Languages and Systems,vol. 4; no. 3; pp. 455--495,10.1145/357172.357178,https://doi.org/10.1145/357172.357178,2026-09-11,Bibliographic metadata verification and claim-targeted scholarly reading,"Fairness/liveness definition, semantic distinction, or contextual boundary",verified,Bibliographic identity checked; manuscript wording remains claim-bounded and paraphrased.
apt-francez-katz,Appraising Fairness in Languages for Distributed Programming,"Apt, Krzysztof R. and Francez, Nissim and Katz, Shmuel",1988,article,Distributed Computing,vol. 2; no. 4; pp. 226--241,10.1007/BF01872848,https://doi.org/10.1007/BF01872848,2026-09-16,Primary full text and bibliographic metadata rechecked; journal article distinguished from preliminary POPL version,"Fairness/liveness definition, semantic distinction, or contextual boundary",verified,Bibliographic identity checked; manuscript wording remains claim-bounded and paraphrased.
francez-fairness,Fairness,"Francez, Nissim",1986,book,Springer,,10.1007/978-1-4612-4886-6,https://doi.org/10.1007/978-1-4612-4886-6,2026-09-11,Bibliographic metadata verification and claim-targeted scholarly reading,"Fairness/liveness definition, semantic distinction, or contextual boundary",verified,Bibliographic identity checked; manuscript wording remains claim-bounded and paraphrased.
manna-pnueli-specification,The Temporal Logic of Reactive and Concurrent Systems: Specification,"Manna, Zohar and Pnueli, Amir",1992,book,Springer,,10.1007/978-1-4612-0931-7,https://doi.org/10.1007/978-1-4612-0931-7,2026-09-11,Bibliographic metadata verification and claim-targeted scholarly reading,"Fairness/liveness definition, semantic distinction, or contextual boundary",verified,Bibliographic identity checked; manuscript wording remains claim-bounded and paraphrased.
costa-stirling,Weak and Strong Fairness in {CCS},"Costa, Gerardo and Stirling, Colin",1987,article,Information and Computation,vol. 73; no. 3; pp. 207--244,10.1016/0890-5401(87)90013-7,https://doi.org/10.1016/0890-5401(87)90013-7,2026-09-11,"Structured same-journal full-text calibration: introduction, model/definitions, main result/proof architecture, conclusion/limits","Fairness/liveness definition, semantic distinction, or contextual boundary",verified,Bibliographic identity checked; manuscript wording remains claim-bounded and paraphrased.
older-strong-fairness,Strong Fairness and Full Abstraction for Communicating Processes,"Older, Susan",2000,article,Information and Computation,vol. 163; no. 2; pp. 471--509,10.1006/inco.2000.2886,https://doi.org/10.1006/inco.2000.2886,2026-09-11,"Structured same-journal full-text calibration: introduction, model/definitions, main result/proof architecture, conclusion/limits","Fairness/liveness definition, semantic distinction, or contextual boundary",verified,Bibliographic identity checked; manuscript wording remains claim-bounded and paraphrased.
segala-quiescence,"Quiescence, Fairness, Testing, and the Notion of Implementation","Segala, Roberto",1997,article,Information and Computation,vol. 138; no. 2; pp. 194--210,10.1006/inco.1997.2652,https://doi.org/10.1006/inco.1997.2652,2026-09-11,"Structured same-journal full-text calibration: introduction, model/definitions, main result/proof architecture, conclusion/limits","Fairness/liveness definition, semantic distinction, or contextual boundary",verified,Bibliographic identity checked; manuscript wording remains claim-bounded and paraphrased.
fair-testing,Fair Testing,"Rensink, Arend and Vogler, Walter",2007,article,Information and Computation,vol. 205; no. 2; pp. 125--198,10.1016/j.ic.2006.06.002,https://doi.org/10.1016/j.ic.2006.06.002,2026-09-16,"Publisher/index metadata rechecked; journal-version authors, volume, issue, pages, year, and DOI verified","Fairness/liveness definition, semantic distinction, or contextual boundary",verified,Bibliographic identity checked; manuscript wording remains claim-bounded and paraphrased.
vanglabbeek-precongruences,The Coarsest Precongruences Respecting Safety and Liveness Properties,"{van Glabbeek}, Rob J.",2010,inproceedings,Proc. TCS,vol. 323; pp. 32--52,10.1007/978-3-642-15240-5_3,https://doi.org/10.1007/978-3-642-15240-5_3,2026-09-11,Bibliographic metadata verification and claim-targeted scholarly reading,"Fairness/liveness definition, semantic distinction, or contextual boundary",verified,Bibliographic identity checked; manuscript wording remains claim-bounded and paraphrased.
vanglabbeek-justness,"Progress, Justness, and Fairness","{van Glabbeek}, Rob J. and H{\""o}fner, Peter",2019,article,ACM Computing Surveys,vol. 52; no. 4; pp. 69:1--69:38,10.1145/3329125,https://doi.org/10.1145/3329125,2026-09-11,Bibliographic metadata verification and claim-targeted scholarly reading,"Fairness/liveness definition, semantic distinction, or contextual boundary",verified,Bibliographic identity checked; manuscript wording remains claim-bounded and paraphrased.
buchi-1962,On a Decision Method in Restricted Second-Order Arithmetic,"B{\""u}chi, J. Richard",1962,inproceedings,Proc. LMPS,pp. 1--11,https://dblp.org/rec/conf/ifip/Buchi62.html,https://dblp.org/rec/conf/ifip/Buchi62.html,2026-09-11,Bibliographic metadata verification and claim-targeted scholarly reading,"Omega-automata, model-checking, fair-simulation, or certification baseline",verified,Bibliographic identity checked; manuscript wording remains claim-bounded and paraphrased.
vardi-wolper-1986,An Automata-Theoretic Approach to Automatic Program Verification,"Vardi, Moshe Y. and Wolper, Pierre",1986,inproceedings,Proc. LICS,pp. 322--331,https://www.cs.rice.edu/~vardi/papers/lics86.pdf,https://www.cs.rice.edu/~vardi/papers/lics86.pdf,2026-09-11,"Structured influential-foundation full-text calibration: problem, central theorem/mechanism, proof/evidence pattern, limits","Omega-automata, model-checking, fair-simulation, or certification baseline",verified,Bibliographic identity checked; manuscript wording remains claim-bounded and paraphrased.
vardi-wolper-1994,Reasoning about Infinite Computations,"Vardi, Moshe Y. and Wolper, Pierre",1994,article,Information and Computation,vol. 115; no. 1; pp. 1--37,10.1006/inco.1994.1092,https://doi.org/10.1006/inco.1994.1092,2026-09-11,"Structured same-journal full-text calibration: introduction, model/definitions, main result/proof architecture, conclusion/limits","Omega-automata, model-checking, fair-simulation, or certification baseline",verified,Bibliographic identity checked; manuscript wording remains claim-bounded and paraphrased.
sistla-vardi-wolper,"The Complementation Problem for {B}{\""u}chi Automata with Applications to Temporal Logic","Sistla, A. Prasad and Vardi, Moshe Y. and Wolper, Pierre",1987,article,Theoretical Computer Science,vol. 49; no. 2--3; pp. 217--237,10.1016/0304-3975(87)90008-9,https://doi.org/10.1016/0304-3975(87)90008-9,2026-09-11,Bibliographic metadata verification and claim-targeted scholarly reading,"Omega-automata, model-checking, fair-simulation, or certification baseline",verified,Bibliographic identity checked; manuscript wording remains claim-bounded and paraphrased.
courcoubetis-1992,Memory-Efficient Algorithms for the Verification of Temporal Properties,"Courcoubetis, Costas and Vardi, Moshe Y. and Wolper, Pierre and Yannakakis, Mihalis",1992,article,Formal Methods in System Design,vol. 1; no. 2--3; pp. 275--288,10.1007/BF00121128,https://doi.org/10.1007/BF00121128,2026-09-11,Bibliographic metadata verification and claim-targeted scholarly reading,"Omega-automata, model-checking, fair-simulation, or certification baseline",verified,Bibliographic identity checked; manuscript wording remains claim-bounded and paraphrased.
clarke-emerson-sistla,Automatic Verification of Finite-State Concurrent Systems Using Temporal Logic Specifications,"Clarke, Edmund M. and Emerson, E. Allen and Sistla, A. Prasad",1986,article,ACM Transactions on Programming Languages and Systems,vol. 8; no. 2; pp. 244--263,10.1145/5397.5399,https://doi.org/10.1145/5397.5399,2026-09-11,Bibliographic metadata verification and claim-targeted scholarly reading,"Omega-automata, model-checking, fair-simulation, or certification baseline",verified,Bibliographic identity checked; manuscript wording remains claim-bounded and paraphrased.
burch-symbolic,Symbolic Model Checking: {$10^{20}$} States and Beyond,"Burch, Jerry R. and Clarke, Edmund M. and McMillan, Kenneth L. and Dill, David L. and Hwang, L. J.",1992,article,Information and Computation,vol. 98; no. 2; pp. 142--170,10.1016/0890-5401(92)90017-A,https://doi.org/10.1016/0890-5401(92)90017-A,2026-09-11,"Structured same-journal full-text calibration: introduction, model/definitions, main result/proof architecture, conclusion/limits","Omega-automata, model-checking, fair-simulation, or certification baseline",verified,Bibliographic identity checked; manuscript wording remains claim-bounded and paraphrased.
gerth-1995,Simple On-the-Fly Automatic Verification of Linear Temporal Logic,"Gerth, Rob and Peled, Doron and Vardi, Moshe Y. and Wolper, Pierre",1995,inproceedings,Proc. PSTV XV,pp. 3--18,https://www.cs.rice.edu/~vardi/papers/pstv95rj.pdf,https://www.cs.rice.edu/~vardi/papers/pstv95rj.pdf,2026-09-11,Bibliographic metadata verification and claim-targeted scholarly reading,"Omega-automata, model-checking, fair-simulation, or certification baseline",verified,Bibliographic identity checked; manuscript wording remains claim-bounded and paraphrased.
henzinger-fair-simulation,Fair Simulation,"Henzinger, Thomas A. and Kupferman, Orna and Rajamani, Sriram K.",2002,article,Information and Computation,vol. 173; no. 1; pp. 64--81,10.1006/inco.2001.3085,https://doi.org/10.1006/inco.2001.3085,2026-09-11,"Structured same-journal full-text calibration: introduction, model/definitions, main result/proof architecture, conclusion/limits","Omega-automata, model-checking, fair-simulation, or certification baseline",verified,Bibliographic identity checked; manuscript wording remains claim-bounded and paraphrased.
bustan-applicability,Applicability of Fair Simulation,"Bustan, Doron and Grumberg, Orna",2004,article,Information and Computation,vol. 194; no. 1; pp. 1--18,10.1016/j.ic.2004.02.005,https://doi.org/10.1016/j.ic.2004.02.005,2026-09-11,"Structured same-journal full-text calibration: introduction, model/definitions, main result/proof architecture, conclusion/limits","Omega-automata, model-checking, fair-simulation, or certification baseline",verified,Bibliographic identity checked; manuscript wording remains claim-bounded and paraphrased.
kesten-bridging,Bridging the Gap between Fair Simulation and Trace Inclusion,"Kesten, Yonit and Piterman, Nir and Pnueli, Amir",2005,article,Information and Computation,vol. 200; no. 1; pp. 35--61,10.1016/j.ic.2005.01.006,https://doi.org/10.1016/j.ic.2005.01.006,2026-09-11,"Structured same-journal full-text calibration: introduction, model/definitions, main result/proof architecture, conclusion/limits","Omega-automata, model-checking, fair-simulation, or certification baseline",verified,Bibliographic identity checked; manuscript wording remains claim-bounded and paraphrased.
etessami-fair-simulation,"Fair Simulation Relations, Parity Games, and State Space Reduction for {B}{\""u}chi Automata","Etessami, Kousha and Wilke, Thomas and Schuller, Rebecca A.",2005,article,SIAM Journal on Computing,vol. 34; no. 5; pp. 1159--1175,10.1137/S0097539703420675,https://doi.org/10.1137/S0097539703420675,2026-09-11,Bibliographic metadata verification and claim-targeted scholarly reading,"Omega-automata, model-checking, fair-simulation, or certification baseline",verified,Bibliographic identity checked; manuscript wording remains claim-bounded and paraphrased.
kupferman-safety,Model Checking of Safety Properties,"Kupferman, Orna and Vardi, Moshe Y.",2001,article,Formal Methods in System Design,vol. 19; no. 3; pp. 291--314,10.1023/A:1011254632723,https://doi.org/10.1023/A:1011254632723,2026-09-11,Bibliographic metadata verification and claim-targeted scholarly reading,"Omega-automata, model-checking, fair-simulation, or certification baseline",verified,Bibliographic identity checked; manuscript wording remains claim-bounded and paraphrased.
namjoshi-certifying,Certifying Model Checkers,"Namjoshi, Kedar S.",2001,inproceedings,Proc. CAV,vol. 2102; pp. 2--13,10.1007/3-540-44585-4_2,https://doi.org/10.1007/3-540-44585-4_2,2026-09-11,Bibliographic metadata verification and claim-targeted scholarly reading,"Omega-automata, model-checking, fair-simulation, or certification baseline",verified,Bibliographic identity checked; manuscript wording remains claim-bounded and paraphrased.
clarke-grumberg-peled,Model Checking,"Clarke, Edmund M. and Grumberg, Orna and Peled, Doron A.",1999,book,MIT Press,,https://mitpress.mit.edu/9780262032704/model-checking/,https://mitpress.mit.edu/9780262032704/model-checking/,2026-09-11,Bibliographic metadata verification and claim-targeted scholarly reading,"Omega-automata, model-checking, fair-simulation, or certification baseline",verified,Bibliographic identity checked; manuscript wording remains claim-bounded and paraphrased.
baier-katoen,Principles of Model Checking,"Baier, Christel and Katoen, Joost-Pieter",2008,book,MIT Press,,https://mitpress.mit.edu/9780262026499/principles-of-model-checking/,https://mitpress.mit.edu/9780262026499/principles-of-model-checking/,2026-09-11,Bibliographic metadata verification and claim-targeted scholarly reading,"Omega-automata, model-checking, fair-simulation, or certification baseline",verified,Bibliographic identity checked; manuscript wording remains claim-bounded and paraphrased.
jones-rely-guarantee,Tentative Steps Toward a Development Method for Interfering Programs,"Jones, Cliff B.",1983,article,ACM Transactions on Programming Languages and Systems,vol. 5; no. 4; pp. 596--619,10.1145/69575.69577,https://doi.org/10.1145/69575.69577,2026-09-11,Bibliographic metadata verification and claim-targeted scholarly reading,Compositional/open-system verification baseline and operator boundary,verified,Bibliographic identity checked; manuscript wording remains claim-bounded and paraphrased.
abadi-lamport,Conjoining Specifications,"Abadi, Mart{\'i}n and Lamport, Leslie",1995,article,ACM Transactions on Programming Languages and Systems,vol. 17; no. 3; pp. 507--535,10.1145/203095.201069,https://doi.org/10.1145/203095.201069,2026-09-11,Bibliographic metadata verification and claim-targeted scholarly reading,Compositional/open-system verification baseline and operator boundary,verified,Bibliographic identity checked; manuscript wording remains claim-bounded and paraphrased.
lynch-tuttle,An Introduction to Input/Output Automata,"Lynch, Nancy A. and Tuttle, Mark R.",1989,article,CWI Quarterly,vol. 2; no. 3; pp. 219--246,https://groups.csail.mit.edu/tds/papers/Lynch/CWI89.html,https://groups.csail.mit.edu/tds/papers/Lynch/CWI89.html,2026-09-11,Bibliographic metadata verification and claim-targeted scholarly reading,Compositional/open-system verification baseline and operator boundary,verified,Bibliographic identity checked; manuscript wording remains claim-bounded and paraphrased.
lynch-vaandrager,Forward and Backward Simulations--Part {I}: Untimed Systems,"Lynch, Nancy and Vaandrager, Frits",1995,article,Information and Computation,vol. 121; no. 2; pp. 214--233,10.1006/inco.1995.1134,https://doi.org/10.1006/inco.1995.1134,2026-09-11,Bibliographic metadata verification and claim-targeted scholarly reading,Compositional/open-system verification baseline and operator boundary,verified,Bibliographic identity checked; manuscript wording remains claim-bounded and paraphrased.
alur-henzinger-reactive,Reactive Modules,"Alur, Rajeev and Henzinger, Thomas A.",1999,article,Formal Methods in System Design,vol. 15; no. 1; pp. 7--48,10.1023/A:1008739929481,https://doi.org/10.1023/A:1008739929481,2026-09-11,Bibliographic metadata verification and claim-targeted scholarly reading,Compositional/open-system verification baseline and operator boundary,verified,Bibliographic identity checked; manuscript wording remains claim-bounded and paraphrased.
dealfaro-henzinger-interface,Interface Automata,"{de Alfaro}, Luca and Henzinger, Thomas A.",2001,inproceedings,Proc. ESEC/FSE,pp. 109--120,10.1145/503209.503226,https://doi.org/10.1145/503209.503226,2026-09-11,"Structured influential-foundation full-text calibration: problem, central theorem/mechanism, proof/evidence pattern, limits",Compositional/open-system verification baseline and operator boundary,verified,Bibliographic identity checked; manuscript wording remains claim-bounded and paraphrased.
module-checking,Module Checking,"Kupferman, Orna and Vardi, Moshe Y. and Wolper, Pierre",2001,article,Information and Computation,vol. 164; no. 2; pp. 322--344,10.1006/inco.2000.2893,https://doi.org/10.1006/inco.2000.2893,2026-09-11,"Structured same-journal full-text calibration: introduction, model/definitions, main result/proof architecture, conclusion/limits",Compositional/open-system verification baseline and operator boundary,verified,Bibliographic identity checked; manuscript wording remains claim-bounded and paraphrased.
shoham-grumberg,Compositional Verification and 3-Valued Abstractions Join Forces,"Shoham, Sharon and Grumberg, Orna",2010,article,Information and Computation,vol. 208; no. 2; pp. 178--202,10.1016/j.ic.2009.10.002,https://doi.org/10.1016/j.ic.2009.10.002,2026-09-11,"Structured same-journal full-text calibration: introduction, model/definitions, main result/proof architecture, conclusion/limits",Compositional/open-system verification baseline and operator boundary,verified,Bibliographic identity checked; manuscript wording remains claim-bounded and paraphrased.
almost-fair,Almost Fair Simulations,"Correnson, Arthur and Kuhn, Iona and Finkbeiner, Bernd",2025,article,Proceedings of the ACM on Programming Languages,vol. 9; no. ICFP; pp. 222--245,10.1145/3747512,https://doi.org/10.1145/3747512,2026-09-12,Publisher/CISPA metadata verification and claim-targeted full-text reading,Fair-simulation and mechanized fair-trace-inclusion baseline,verified,Bibliographic identity checked; manuscript wording remains claim-bounded and paraphrased.
flp,Impossibility of Distributed Consensus with One Faulty Process,"Fischer, Michael J. and Lynch, Nancy A. and Paterson, Michael S.",1985,article,Journal of the ACM,vol. 32; no. 2; pp. 374--382,10.1145/3149.214121,https://doi.org/10.1145/3149.214121,2026-09-11,"Structured influential-foundation full-text calibration: problem, central theorem/mechanism, proof/evidence pattern, limits","Consensus, reconfiguration, Byzantine-liveness, or verified-systems comparison boundary",verified,Bibliographic identity checked; manuscript wording remains claim-bounded and paraphrased.
dls,Consensus in the Presence of Partial Synchrony,"Dwork, Cynthia and Lynch, Nancy and Stockmeyer, Larry",1988,article,Journal of the ACM,vol. 35; no. 2; pp. 288--323,10.1145/42282.42283,https://doi.org/10.1145/42282.42283,2026-09-11,Bibliographic metadata verification and claim-targeted scholarly reading,"Consensus, reconfiguration, Byzantine-liveness, or verified-systems comparison boundary",verified,Bibliographic identity checked; manuscript wording remains claim-bounded and paraphrased.
paxos-parliament,The Part-Time Parliament,"Lamport, Leslie",1998,article,ACM Transactions on Computer Systems,vol. 16; no. 2; pp. 133--169,10.1145/279227.279229,https://doi.org/10.1145/279227.279229,2026-09-11,Bibliographic metadata verification and claim-targeted scholarly reading,"Consensus, reconfiguration, Byzantine-liveness, or verified-systems comparison boundary",verified,Bibliographic identity checked; manuscript wording remains claim-bounded and paraphrased.
vertical-paxos,Vertical Paxos and Primary-Backup Replication,"Lamport, Leslie and Malkhi, Dahlia and Zhou, Lidong",2009,inproceedings,Proc. ACM PODC,pp. 312--313,10.1145/1582716.1582783,https://doi.org/10.1145/1582716.1582783,2026-09-11,"Structured adjacent-work full-text calibration: system/model, reconfiguration or liveness mechanism, guarantee, limits","Consensus, reconfiguration, Byzantine-liveness, or verified-systems comparison boundary",verified,Bibliographic identity checked; manuscript wording remains claim-bounded and paraphrased.
raft,In Search of an Understandable Consensus Algorithm,"Ongaro, Diego and Ousterhout, John",2014,inproceedings,Proc. USENIX ATC,pp. 305--319,https://www.usenix.org/conference/atc14/technical-sessions/presentation/ongaro,https://www.usenix.org/conference/atc14/technical-sessions/presentation/ongaro,2026-09-11,Bibliographic metadata verification and claim-targeted scholarly reading,"Consensus, reconfiguration, Byzantine-liveness, or verified-systems comparison boundary",verified,Bibliographic identity checked; manuscript wording remains claim-bounded and paraphrased.
rambo,{RAMBO}: A Reconfigurable Atomic Memory Service for Dynamic Networks,"Lynch, Nancy A. and Shvartsman, Alexander A.",2002,inproceedings,Proc. DISC,vol. 2508; pp. 173--190,10.1007/3-540-36108-1_12,https://doi.org/10.1007/3-540-36108-1_12,2026-09-11,"Structured adjacent-work full-text calibration: system/model, reconfiguration or liveness mechanism, guarantee, limits","Consensus, reconfiguration, Byzantine-liveness, or verified-systems comparison boundary",verified,Bibliographic identity checked; manuscript wording remains claim-bounded and paraphrased.
dynamic-atomic-storage,Dynamic Atomic Storage without Consensus,"Aguilera, Marcos K. and Keidar, Idit and Malkhi, Dahlia and Shraer, Alexander",2011,article,Journal of the ACM,vol. 58; no. 2; pp. 7:1--7:32,10.1145/1944345.1944348,https://doi.org/10.1145/1944345.1944348,2026-09-11,"Structured adjacent-work full-text calibration: system/model, reconfiguration or liveness mechanism, guarantee, limits","Consensus, reconfiguration, Byzantine-liveness, or verified-systems comparison boundary",verified,Bibliographic identity checked; manuscript wording remains claim-bounded and paraphrased.
dynamic-storage,On Liveness of Dynamic Storage,"Spiegelman, Alexander and Keidar, Idit",2017,inproceedings,Proc. SIROCCO,vol. 10641; pp. 356--376,10.1007/978-3-319-72050-0_21,https://doi.org/10.1007/978-3-319-72050-0_21,2026-09-11,"Structured adjacent-work full-text calibration: system/model, reconfiguration or liveness mechanism, guarantee, limits","Consensus, reconfiguration, Byzantine-liveness, or verified-systems comparison boundary",verified,Bibliographic identity checked; manuscript wording remains claim-bounded and paraphrased.
pbft,Practical Byzantine Fault Tolerance,"Castro, Miguel and Liskov, Barbara",1999,inproceedings,Proc. USENIX OSDI,pp. 173--186,https://www.usenix.org/conference/osdi-99/practical-byzantine-fault-tolerance,https://www.usenix.org/conference/osdi-99/practical-byzantine-fault-tolerance,2026-09-11,"Structured influential-foundation full-text calibration: problem, central theorem/mechanism, proof/evidence pattern, limits","Consensus, reconfiguration, Byzantine-liveness, or verified-systems comparison boundary",verified,Bibliographic identity checked; manuscript wording remains claim-bounded and paraphrased.
hotstuff,{HotStuff}: {BFT} Consensus with Linearity and Responsiveness,"Yin, Maofan and Malkhi, Dahlia and Reiter, Michael K. and Gueta, Guy Golan and Abraham, Ittai",2019,inproceedings,Proc. ACM PODC,pp. 347--356,10.1145/3293611.3331591,https://doi.org/10.1145/3293611.3331591,2026-09-11,Bibliographic metadata verification and claim-targeted scholarly reading,"Consensus, reconfiguration, Byzantine-liveness, or verified-systems comparison boundary",verified,Bibliographic identity checked; manuscript wording remains claim-bounded and paraphrased.
verdi,Verdi: A Framework for Implementing and Formally Verifying Distributed Systems,"Wilcox, James R. and Woos, Doug and Panchekha, Pavel and Tatlock, Zachary and Wang, Xi and Ernst, Michael D. and Anderson, Thomas",2015,inproceedings,Proc. ACM PLDI,pp. 357--368,10.1145/2737924.2737958,https://doi.org/10.1145/2737924.2737958,2026-09-11,Bibliographic metadata verification and claim-targeted scholarly reading,"Consensus, reconfiguration, Byzantine-liveness, or verified-systems comparison boundary",verified,Bibliographic identity checked; manuscript wording remains claim-bounded and paraphrased.
ironfleet,{IronFleet}: Proving Practical Distributed Systems Correct,"Hawblitzel, Chris and Howell, Jon and Kapritsos, Manos and Lorch, Jacob R. and Parno, Bryan and Roberts, Michael L. and Setty, Srinath T. V. and Zill, Brian",2015,inproceedings,Proc. ACM SOSP,pp. 1--17,10.1145/2815400.2815428,https://doi.org/10.1145/2815400.2815428,2026-09-11,Bibliographic metadata verification and claim-targeted scholarly reading,"Consensus, reconfiguration, Byzantine-liveness, or verified-systems comparison boundary",verified,Bibliographic identity checked; manuscript wording remains claim-bounded and paraphrased.
shipwright,Shipwright: Proving Liveness of Distributed Systems with Byzantine Participants,"Leung, Derek and Zeldovich, Nickolai and Kaashoek, Frans",2025,misc,arXiv:2507.14080,,https://arxiv.org/abs/2507.14080,https://arxiv.org/abs/2507.14080,2026-09-16,"Official arXiv record and full text rechecked; byline, scope, assumptions, and limits verified","Consensus, reconfiguration, Byzantine-liveness, or verified-systems comparison boundary",verified,Bibliographic identity checked; manuscript wording remains claim-bounded and paraphrased.
wang-compositional-scc,Compositional {SCC} Analysis for Language Emptiness,"Wang, Chao and Bloem, Roderick and Hachtel, Gary D. and Ravi, Kavita and Somenzi, Fabio",2006,article,Formal Methods in System Design,vol. 28; no. 1; pp. 5--36,10.1007/s10703-006-4617-3,https://doi.org/10.1007/s10703-006-4617-3,2026-09-12,"Publisher abstract, bibliographic record, and claim-targeted full-text/primary-source review",Closest compositional fair-cycle/SCC baseline and distinction from exact boundary summaries,verified,Bibliographic identity checked; manuscript wording remains claim-bounded and paraphrased.
lang-partial-model-checking,Partial Model Checking Using Networks of Labelled Transition Systems and Boolean Equation Systems,"Lang, Fr{\'e}d{\'e}ric and Mateescu, Radu",2013,article,Logical Methods in Computer Science,vol. 9; no. 4:1; pp. 1--32,10.2168/LMCS-9(4:1)2013,https://doi.org/10.2168/LMCS-9(4:1)2013,2026-09-16,Open-journal metadata rechecked; author spelling and DOI verified,Closest formula-quotienting and broad composition-operator baseline,verified,Bibliographic identity checked; manuscript wording remains claim-bounded and paraphrased.
mennicke-keep-fair,Keep It Fair: Equivalence and Composition,"Mennicke, Stephan and Prehn, Tobias",2019,article,Journal of Logical and Algebraic Methods in Programming,vol. 104; pp. 1--15,10.1016/j.jlamp.2019.01.004,https://doi.org/10.1016/j.jlamp.2019.01.004,2026-09-12,Publisher/arXiv bibliographic and claim-targeted full-text review,Fairness-sensitive equivalence and composition boundary,verified,Bibliographic identity checked; manuscript wording remains claim-bounded and paraphrased.
bythos,Compositional Verification of Composite Byzantine Protocols,"Zhao, Qiyuan and P{\^i}rlea, George and Grzeszkiewicz, Karolina and Gilbert, Seth and Sergey, Ilya",2024,inproceedings,Proc. ACM CCS,pp. 34--48,10.1145/3658644.3690355,https://doi.org/10.1145/3658644.3690355,2026-09-15,Publisher bibliographic record and claim-targeted primary-paper review,Protocol-level mechanized composition of Byzantine safety/liveness versus the restricted finite-graph interface boundary,verified,Bibliographic identity checked; manuscript wording remains claim-bounded and paraphrased.
lido,{LiDO}: Linearizable Byzantine Distributed Objects with Refinement-Based Liveness Proofs,"Qiu, Longfei and Kim, Yoonseung and Shin, Ji-Yong and Kim, Jieung and Honor{\'e}, Wolf and Shao, Zhong",2024,article,Proceedings of the ACM on Programming Languages,vol. 8; no. PLDI; pp. 1140--1164,10.1145/3656423,https://doi.org/10.1145/3656423,2026-09-15,Publisher bibliographic record and claim-targeted primary-paper review,Refinement-based Byzantine-object liveness is a stronger protocol connection that remains external to this checker,verified,Bibliographic identity checked; manuscript wording remains claim-bounded and paraphrased.
adore,Adore: Atomic Distributed Objects with Certified Reconfiguration,"Honor{\'e}, Wolf and Shin, Ji-Yong and Kim, Jieung and Shao, Zhong",2022,inproceedings,Proc. ACM PLDI,pp. 379--394,10.1145/3519939.3523444,https://doi.org/10.1145/3519939.3523444,2026-09-15,Open author page/publisher metadata and claim-targeted primary-paper review,Protocol-level certified reconfiguration safety and the separation from this liveness-interface theorem,verified,Bibliographic identity checked; manuscript wording remains claim-bounded and paraphrased.
mongo-reconfiguration,Formal Verification of a Distributed Dynamic Reconfiguration Protocol,"Schultz, William and Dardik, Ian and Tripakis, Stavros",2022,inproceedings,Proc. ACM CPP,pp. 143--152,10.1145/3497775.3503688,https://doi.org/10.1145/3497775.3503688,2026-09-15,Publisher/arXiv metadata and claim-targeted primary-paper review,Machine-checked protocol reconfiguration safety remains separate from weak-fair liveness certificates,verified,Bibliographic identity checked; manuscript wording remains claim-bounded and paraphrased.
liveness-certificates,Liveness Proofs for Hardware Model Checking,"Froleyks, Nils and Yu, Emily and Bogaerts, Bart and Biere, Armin and Heljanko, Keijo",2026,inproceedings,Proc. CAV,vol. 16684; pp. 3--27,10.1007/978-3-032-32537-2_1,https://doi.org/10.1007/978-3-032-32537-2_1,2026-09-15,Open proceedings full text and publisher bibliographic metadata review,Generic propositional liveness certificates are distinct from the finite first-return ranks and lassos used here,verified,Bibliographic identity checked; manuscript wording remains claim-bounded and paraphrased.
bft-liveness-latency,Liveness and Latency of Byzantine State-Machine Replication,"Bravo, Manuel and Chockler, Gregory V. and Gotsman, Alexey",2022,inproceedings,Proc. DISC,vol. 246; pp. 12:1--12:19,10.4230/LIPIcs.DISC.2022.12,https://doi.org/10.4230/LIPIcs.DISC.2022.12,2026-09-16,Official DROPS metadata and claim-targeted primary-paper review,BFT liveness frameworks isolate synchronizer and latency obligations beyond the finite-graph interface theorem,verified,Bibliographic identity checked; manuscript wording remains claim-bounded and paraphrased.
eventb-fair-refinement,A Fairness-Based Refinement Strategy to Transform Liveness Properties in {Event-B} Models,"Zhu, Chenyang and Butler, Michael and C{\^i}rstea, Corina and Hoang, Thai Son",2023,article,Science of Computer Programming,vol. 225; pp. 102907,10.1016/j.scico.2022.102907,https://doi.org/10.1016/j.scico.2022.102907,2026-09-16,Publisher and institutional metadata plus claim-targeted primary-paper review,"Fairness-aware refinement carries liveness through explicit proof obligations, unlike the narrower executable transfer check",verified,Bibliographic identity checked; manuscript wording remains claim-bounded and paraphrased.
completing-fair,Completing Almost Fair Simulations,"Correnson, Arthur and Kuhn, Iona and Finkbeiner, Bernd",2026,inproceedings,17th International Conference on Interactive Theorem Proving (ITP 2026),vol. 382; pp. 20:1--20:20,10.4230/LIPIcs.ITP.2026.20,https://drops.dagstuhl.de/entities/document/10.4230/LIPIcs.ITP.2026.20,2026-09-20,"Official DROPS metadata, open full text, and claim-targeted review of the main soundness/completeness result",Newest mechanized fair-similarity result; stronger relational alternative to the coarse exact-port summary,verified,Bibliographic identity and main theorem boundary checked against the official open proceedings record.
