edge_encoding,port_bits,initial,live
0,1,0,1
0,2,1,1
0,3,0,1
0,3,1,1
1,1,0,1
1,2,1,1
1,3,0,1
1,3,1,1
2,1,0,1
2,2,1,1
2,3,0,1
2,3,1,1
3,1,0,1
3,2,1,1
3,3,0,1
3,3,1,1
4,1,0,0
4,2,1,1
4,3,0,0
4,3,1,1
5,1,0,1
5,2,1,1
5,3,0,1
5,3,1,1
6,1,0,1
6,2,1,1
6,3,0,1
6,3,1,1
7,1,0,1
7,2,1,1
7,3,0,1
7,3,1,1
8,1,0,1
8,2,1,1
8,3,0,1
8,3,1,1
9,1,0,0
9,2,1,1
9,3,0,0
9,3,1,1
10,1,0,1
10,2,1,1
10,3,0,1
10,3,1,1
11,1,0,1
11,2,1,1
11,3,0,1
11,3,1,1
12,1,0,1
12,2,1,1
12,3,0,1
12,3,1,1
13,1,0,1
13,2,1,1
13,3,0,1
13,3,1,1
14,1,0,0
14,2,1,1
14,3,0,0
14,3,1,1
15,1,0,1
15,2,1,1
15,3,0,1
15,3,1,1
16,1,0,1
16,2,1,1
16,3,0,1
16,3,1,1
17,1,0,1
17,2,1,1
17,3,0,1
17,3,1,1
18,1,0,1
18,2,1,1
18,3,0,1
18,3,1,1
19,1,0,0
19,2,1,1
19,3,0,0
19,3,1,1
20,1,0,1
20,2,1,1
20,3,0,1
20,3,1,1
21,1,0,1
21,2,1,1
21,3,0,1
21,3,1,1
22,1,0,1
22,2,1,1
22,3,0,1
22,3,1,1
23,1,0,1
23,2,1,1
23,3,0,1
23,3,1,1
24,1,0,0
24,2,1,1
24,3,0,0
24,3,1,1
25,1,0,1
25,2,1,1
25,3,0,1
25,3,1,1
26,1,0,1
26,2,1,1
26,3,0,1
26,3,1,1
27,1,0,1
27,2,1,1
27,3,0,1
27,3,1,1
28,1,0,1
28,2,1,1
28,3,0,1
28,3,1,1
29,1,0,0
29,2,1,0
29,3,0,0
29,3,1,0
30,1,0,1
30,2,1,1
30,3,0,1
30,3,1,1
31,1,0,1
31,2,1,1
31,3,0,1
31,3,1,1
32,1,0,1
32,2,1,1
32,3,0,1
32,3,1,1
33,1,0,1
33,2,1,1
33,3,0,1
33,3,1,1
34,1,0,0
34,2,1,0
34,3,0,0
34,3,1,0
35,1,0,1
35,2,1,1
35,3,0,1
35,3,1,1
36,1,0,1
36,2,1,1
36,3,0,1
36,3,1,1
37,1,0,1
37,2,1,1
37,3,0,1
37,3,1,1
38,1,0,0
38,2,1,0
38,3,0,0
38,3,1,0
39,1,0,0
39,2,1,0
39,3,0,0
39,3,1,0
40,1,0,1
40,2,1,1
40,3,0,1
40,3,1,1
41,1,0,1
41,2,1,1
41,3,0,1
41,3,1,1
42,1,0,0
42,2,1,0
42,3,0,0
42,3,1,0
43,1,0,1
43,2,1,1
43,3,0,1
43,3,1,1
44,1,0,0
44,2,1,0
44,3,0,0
44,3,1,0
45,1,0,0
45,2,1,0
45,3,0,0
45,3,1,0
46,1,0,0
46,2,1,0
46,3,0,0
46,3,1,0
47,1,0,0
47,2,1,0
47,3,0,0
47,3,1,0
48,1,0,0
48,2,1,0
48,3,0,0
48,3,1,0
49,1,0,0
49,2,1,0
49,3,0,0
49,3,1,0
50,1,0,1
50,2,1,1
50,3,0,1
50,3,1,1
51,1,0,1
51,2,1,1
51,3,0,1
51,3,1,1
52,1,0,1
52,2,1,1
52,3,0,1
52,3,1,1
53,1,0,1
53,2,1,1
53,3,0,1
53,3,1,1
54,1,0,0
54,2,1,0
54,3,0,0
54,3,1,0
55,1,0,1
55,2,1,1
55,3,0,1
55,3,1,1
56,1,0,1
56,2,1,1
56,3,0,1
56,3,1,1
57,1,0,1
57,2,1,1
57,3,0,1
57,3,1,1
58,1,0,0
58,2,1,0
58,3,0,0
58,3,1,0
59,1,0,0
59,2,1,0
59,3,0,0
59,3,1,0
60,1,0,1
60,2,1,1
60,3,0,1
60,3,1,1
61,1,0,1
61,2,1,1
61,3,0,1
61,3,1,1
62,1,0,1
62,2,1,1
62,3,0,1
62,3,1,1
63,1,0,0
63,2,1,0
63,3,0,0
63,3,1,0
64,1,0,0
64,2,1,0
64,3,0,0
64,3,1,0
65,1,0,0
65,2,1,0
65,3,0,0
65,3,1,0
66,1,0,0
66,2,1,0
66,3,0,0
66,3,1,0
67,1,0,0
67,2,1,0
67,3,0,0
67,3,1,0
68,1,0,0
68,2,1,0
68,3,0,0
68,3,1,0
69,1,0,0
69,2,1,0
69,3,0,0
69,3,1,0
70,1,0,0
70,2,1,0
70,3,0,0
70,3,1,0
71,1,0,0
71,2,1,0
71,3,0,0
71,3,1,0
72,1,0,0
72,2,1,0
72,3,0,0
72,3,1,0
73,1,0,0
73,2,1,0
73,3,0,0
73,3,1,0
74,1,0,0
74,2,1,0
74,3,0,0
74,3,1,0
75,1,0,1
75,2,1,1
75,3,0,1
75,3,1,1
76,1,0,1
76,2,1,1
76,3,0,1
76,3,1,1
77,1,0,1
77,2,1,1
77,3,0,1
77,3,1,1
78,1,0,1
78,2,1,1
78,3,0,1
78,3,1,1
79,1,0,0
79,2,1,0
79,3,0,0
79,3,1,0
80,1,0,1
80,2,1,1
80,3,0,1
80,3,1,1
81,1,0,1
81,2,1,1
81,3,0,1
81,3,1,1
82,1,0,0
82,2,1,0
82,3,0,0
82,3,1,0
83,1,0,1
83,2,1,1
83,3,0,1
83,3,1,1
84,1,0,0
84,2,1,0
84,3,0,0
84,3,1,0
85,1,0,0
85,2,1,0
85,3,0,0
85,3,1,0
86,1,0,0
86,2,1,0
86,3,0,0
86,3,1,0
87,1,0,0
87,2,1,0
87,3,0,0
87,3,1,0
88,1,0,0
88,2,1,0
88,3,0,0
88,3,1,0
89,1,0,0
89,2,1,0
89,3,0,0
89,3,1,0
90,1,0,1
90,2,1,1
90,3,0,1
90,3,1,1
91,1,0,1
91,2,1,1
91,3,0,1
91,3,1,1
92,1,0,0
92,2,1,0
92,3,0,0
92,3,1,0
93,1,0,1
93,2,1,1
93,3,0,1
93,3,1,1
94,1,0,0
94,2,1,0
94,3,0,0
94,3,1,0
95,1,0,0
95,2,1,0
95,3,0,0
95,3,1,0
96,1,0,0
96,2,1,0
96,3,0,0
96,3,1,0
97,1,0,0
97,2,1,0
97,3,0,0
97,3,1,0
98,1,0,0
98,2,1,0
98,3,0,0
98,3,1,0
99,1,0,0
99,2,1,0
99,3,0,0
99,3,1,0
100,1,0,1
100,2,1,1
100,3,0,1
100,3,1,1
101,1,0,1
101,2,1,1
101,3,0,1
101,3,1,1
102,1,0,1
102,2,1,1
102,3,0,1
102,3,1,1
103,1,0,1
103,2,1,1
103,3,0,1
103,3,1,1
104,1,0,0
104,2,1,0
104,3,0,0
104,3,1,0
105,1,0,0
105,2,1,0
105,3,0,0
105,3,1,0
106,1,0,0
106,2,1,0
106,3,0,0
106,3,1,0
107,1,0,0
107,2,1,0
107,3,0,0
107,3,1,0
108,1,0,0
108,2,1,0
108,3,0,0
108,3,1,0
109,1,0,0
109,2,1,0
109,3,0,0
109,3,1,0
110,1,0,0
110,2,1,0
110,3,0,0
110,3,1,0
111,1,0,0
111,2,1,0
111,3,0,0
111,3,1,0
112,1,0,0
112,2,1,0
112,3,0,0
112,3,1,0
113,1,0,0
113,2,1,0
113,3,0,0
113,3,1,0
114,1,0,0
114,2,1,0
114,3,0,0
114,3,1,0
115,1,0,0
115,2,1,0
115,3,0,0
115,3,1,0
116,1,0,0
116,2,1,0
116,3,0,0
116,3,1,0
117,1,0,0
117,2,1,0
117,3,0,0
117,3,1,0
118,1,0,0
118,2,1,0
118,3,0,0
118,3,1,0
119,1,0,0
119,2,1,0
119,3,0,0
119,3,1,0
120,1,0,0
120,2,1,0
120,3,0,0
120,3,1,0
121,1,0,0
121,2,1,0
121,3,0,0
121,3,1,0
122,1,0,0
122,2,1,0
122,3,0,0
122,3,1,0
123,1,0,0
123,2,1,0
123,3,0,0
123,3,1,0
124,1,0,0
124,2,1,0
124,3,0,0
124,3,1,0
125,1,0,1
125,2,1,1
125,3,0,1
125,3,1,1
126,1,0,1
126,2,1,1
126,3,0,1
126,3,1,1
127,1,0,1
127,2,1,1
127,3,0,1
127,3,1,1
128,1,0,1
128,2,1,1
128,3,0,1
128,3,1,1
129,1,0,0
129,2,1,1
129,3,0,0
129,3,1,1
130,1,0,1
130,2,1,1
130,3,0,1
130,3,1,1
131,1,0,1
131,2,1,1
131,3,0,1
131,3,1,1
132,1,0,1
132,2,1,1
132,3,0,1
132,3,1,1
133,1,0,1
133,2,1,1
133,3,0,1
133,3,1,1
134,1,0,0
134,2,1,1
134,3,0,0
134,3,1,1
135,1,0,1
135,2,1,1
135,3,0,1
135,3,1,1
136,1,0,1
136,2,1,1
136,3,0,1
136,3,1,1
137,1,0,1
137,2,1,1
137,3,0,1
137,3,1,1
138,1,0,1
138,2,1,1
138,3,0,1
138,3,1,1
139,1,0,0
139,2,1,1
139,3,0,0
139,3,1,1
140,1,0,1
140,2,1,1
140,3,0,1
140,3,1,1
141,1,0,1
141,2,1,1
141,3,0,1
141,3,1,1
142,1,0,1
142,2,1,1
142,3,0,1
142,3,1,1
143,1,0,1
143,2,1,1
143,3,0,1
143,3,1,1
144,1,0,0
144,2,1,1
144,3,0,0
144,3,1,1
145,1,0,1
145,2,1,1
145,3,0,1
145,3,1,1
146,1,0,1
146,2,1,1
146,3,0,1
146,3,1,1
147,1,0,1
147,2,1,1
147,3,0,1
147,3,1,1
148,1,0,1
148,2,1,1
148,3,0,1
148,3,1,1
149,1,0,0
149,2,1,1
149,3,0,0
149,3,1,1
150,1,0,1
150,2,1,1
150,3,0,1
150,3,1,1
151,1,0,1
151,2,1,1
151,3,0,1
151,3,1,1
152,1,0,1
152,2,1,1
152,3,0,1
152,3,1,1
153,1,0,1
153,2,1,1
153,3,0,1
153,3,1,1
154,1,0,0
154,2,1,0
154,3,0,0
154,3,1,0
155,1,0,1
155,2,1,1
155,3,0,1
155,3,1,1
156,1,0,1
156,2,1,1
156,3,0,1
156,3,1,1
157,1,0,1
157,2,1,1
157,3,0,1
157,3,1,1
158,1,0,1
158,2,1,1
158,3,0,1
158,3,1,1
159,1,0,0
159,2,1,0
159,3,0,0
159,3,1,0
160,1,0,1
160,2,1,1
160,3,0,1
160,3,1,1
161,1,0,1
161,2,1,1
161,3,0,1
161,3,1,1
162,1,0,1
162,2,1,1
162,3,0,1
162,3,1,1
163,1,0,0
163,2,1,0
163,3,0,0
163,3,1,0
164,1,0,0
164,2,1,0
164,3,0,0
164,3,1,0
165,1,0,1
165,2,1,1
165,3,0,1
165,3,1,1
166,1,0,1
166,2,1,1
166,3,0,1
166,3,1,1
167,1,0,0
167,2,1,0
167,3,0,0
167,3,1,0
168,1,0,1
168,2,1,1
168,3,0,1
168,3,1,1
169,1,0,0
169,2,1,0
169,3,0,0
169,3,1,0
170,1,0,0
170,2,1,0
170,3,0,0
170,3,1,0
171,1,0,0
171,2,1,0
171,3,0,0
171,3,1,0
172,1,0,0
172,2,1,0
172,3,0,0
172,3,1,0
173,1,0,0
173,2,1,0
173,3,0,0
173,3,1,0
174,1,0,0
174,2,1,0
174,3,0,0
174,3,1,0
175,1,0,1
175,2,1,1
175,3,0,1
175,3,1,1
176,1,0,1
176,2,1,1
176,3,0,1
176,3,1,1
177,1,0,1
177,2,1,1
177,3,0,1
177,3,1,1
178,1,0,1
178,2,1,1
178,3,0,1
178,3,1,1
179,1,0,0
179,2,1,0
179,3,0,0
179,3,1,0
180,1,0,1
180,2,1,1
180,3,0,1
180,3,1,1
181,1,0,1
181,2,1,1
181,3,0,1
181,3,1,1
182,1,0,1
182,2,1,1
182,3,0,1
182,3,1,1
183,1,0,0
183,2,1,0
183,3,0,0
183,3,1,0
184,1,0,0
184,2,1,0
184,3,0,0
184,3,1,0
185,1,0,1
185,2,1,1
185,3,0,1
185,3,1,1
186,1,0,1
186,2,1,1
186,3,0,1
186,3,1,1
187,1,0,1
187,2,1,1
187,3,0,1
187,3,1,1
188,1,0,0
188,2,1,0
188,3,0,0
188,3,1,0
189,1,0,0
189,2,1,0
189,3,0,0
189,3,1,0
190,1,0,0
190,2,1,0
190,3,0,0
190,3,1,0
191,1,0,0
191,2,1,0
191,3,0,0
191,3,1,0
192,1,0,0
192,2,1,0
192,3,0,0
192,3,1,0
193,1,0,0
193,2,1,0
193,3,0,0
193,3,1,0
194,1,0,0
194,2,1,0
194,3,0,0
194,3,1,0
195,1,0,0
195,2,1,0
195,3,0,0
195,3,1,0
196,1,0,0
196,2,1,0
196,3,0,0
196,3,1,0
197,1,0,0
197,2,1,0
197,3,0,0
197,3,1,0
198,1,0,0
198,2,1,0
198,3,0,0
198,3,1,0
199,1,0,0
199,2,1,0
199,3,0,0
199,3,1,0
200,1,0,1
200,2,1,1
200,3,0,1
200,3,1,1
201,1,0,1
201,2,1,1
201,3,0,1
201,3,1,1
202,1,0,1
202,2,1,1
202,3,0,1
202,3,1,1
203,1,0,1
203,2,1,1
203,3,0,1
203,3,1,1
204,1,0,0
204,2,1,0
204,3,0,0
204,3,1,0
205,1,0,1
205,2,1,1
205,3,0,1
205,3,1,1
206,1,0,1
206,2,1,1
206,3,0,1
206,3,1,1
207,1,0,0
207,2,1,0
207,3,0,0
207,3,1,0
208,1,0,1
208,2,1,1
208,3,0,1
208,3,1,1
209,1,0,0
209,2,1,0
209,3,0,0
209,3,1,0
210,1,0,0
210,2,1,0
210,3,0,0
210,3,1,0
211,1,0,0
211,2,1,0
211,3,0,0
211,3,1,0
212,1,0,0
212,2,1,0
212,3,0,0
212,3,1,0
213,1,0,0
213,2,1,0
213,3,0,0
213,3,1,0
214,1,0,0
214,2,1,0
214,3,0,0
214,3,1,0
215,1,0,1
215,2,1,1
215,3,0,1
215,3,1,1
216,1,0,1
216,2,1,1
216,3,0,1
216,3,1,1
217,1,0,0
217,2,1,0
217,3,0,0
217,3,1,0
218,1,0,1
218,2,1,1
218,3,0,1
218,3,1,1
219,1,0,0
219,2,1,0
219,3,0,0
219,3,1,0
220,1,0,0
220,2,1,0
220,3,0,0
220,3,1,0
221,1,0,0
221,2,1,0
221,3,0,0
221,3,1,0
222,1,0,0
222,2,1,0
222,3,0,0
222,3,1,0
223,1,0,0
223,2,1,0
223,3,0,0
223,3,1,0
224,1,0,0
224,2,1,0
224,3,0,0
224,3,1,0
225,1,0,1
225,2,1,1
225,3,0,1
225,3,1,1
226,1,0,1
226,2,1,1
226,3,0,1
226,3,1,1
227,1,0,1
227,2,1,1
227,3,0,1
227,3,1,1
228,1,0,1
228,2,1,1
228,3,0,1
228,3,1,1
229,1,0,0
229,2,1,0
229,3,0,0
229,3,1,0
230,1,0,0
230,2,1,0
230,3,0,0
230,3,1,0
231,1,0,0
231,2,1,0
231,3,0,0
231,3,1,0
232,1,0,0
232,2,1,0
232,3,0,0
232,3,1,0
233,1,0,0
233,2,1,0
233,3,0,0
233,3,1,0
234,1,0,0
234,2,1,0
234,3,0,0
234,3,1,0
235,1,0,0
235,2,1,0
235,3,0,0
235,3,1,0
236,1,0,0
236,2,1,0
236,3,0,0
236,3,1,0
237,1,0,0
237,2,1,0
237,3,0,0
237,3,1,0
238,1,0,0
238,2,1,0
238,3,0,0
238,3,1,0
239,1,0,0
239,2,1,0
239,3,0,0
239,3,1,0
240,1,0,0
240,2,1,0
240,3,0,0
240,3,1,0
241,1,0,0
241,2,1,0
241,3,0,0
241,3,1,0
242,1,0,0
242,2,1,0
242,3,0,0
242,3,1,0
243,1,0,0
243,2,1,0
243,3,0,0
243,3,1,0
244,1,0,0
244,2,1,0
244,3,0,0
244,3,1,0
245,1,0,0
245,2,1,0
245,3,0,0
245,3,1,0
246,1,0,0
246,2,1,0
246,3,0,0
246,3,1,0
247,1,0,0
247,2,1,0
247,3,0,0
247,3,1,0
248,1,0,0
248,2,1,0
248,3,0,0
248,3,1,0
249,1,0,0
249,2,1,0
249,3,0,0
249,3,1,0
250,1,0,1
250,2,1,1
250,3,0,1
250,3,1,1
251,1,0,1
251,2,1,1
251,3,0,1
251,3,1,1
252,1,0,1
252,2,1,1
252,3,0,1
252,3,1,1
253,1,0,1
253,2,1,1
253,3,0,1
253,3,1,1
254,1,0,0
254,2,1,1
254,3,0,0
254,3,1,1
255,1,0,1
255,2,1,1
255,3,0,1
255,3,1,1
256,1,0,1
256,2,1,1
256,3,0,1
256,3,1,1
257,1,0,1
257,2,1,1
257,3,0,1
257,3,1,1
258,1,0,1
258,2,1,1
258,3,0,1
258,3,1,1
259,1,0,0
259,2,1,1
259,3,0,0
259,3,1,1
260,1,0,1
260,2,1,1
260,3,0,1
260,3,1,1
261,1,0,1
261,2,1,1
261,3,0,1
261,3,1,1
262,1,0,1
262,2,1,1
262,3,0,1
262,3,1,1
263,1,0,1
263,2,1,1
263,3,0,1
263,3,1,1
264,1,0,0
264,2,1,1
264,3,0,0
264,3,1,1
265,1,0,1
265,2,1,1
265,3,0,1
265,3,1,1
266,1,0,1
266,2,1,1
266,3,0,1
266,3,1,1
267,1,0,1
267,2,1,1
267,3,0,1
267,3,1,1
268,1,0,1
268,2,1,1
268,3,0,1
268,3,1,1
269,1,0,0
269,2,1,1
269,3,0,0
269,3,1,1
270,1,0,1
270,2,1,1
270,3,0,1
270,3,1,1
271,1,0,1
271,2,1,1
271,3,0,1
271,3,1,1
272,1,0,1
272,2,1,1
272,3,0,1
272,3,1,1
273,1,0,1
273,2,1,1
273,3,0,1
273,3,1,1
274,1,0,0
274,2,1,1
274,3,0,0
274,3,1,1
275,1,0,1
275,2,1,1
275,3,0,1
275,3,1,1
276,1,0,1
276,2,1,1
276,3,0,1
276,3,1,1
277,1,0,1
277,2,1,1
277,3,0,1
277,3,1,1
278,1,0,1
278,2,1,1
278,3,0,1
278,3,1,1
279,1,0,0
279,2,1,0
279,3,0,0
279,3,1,0
280,1,0,1
280,2,1,1
280,3,0,1
280,3,1,1
281,1,0,1
281,2,1,1
281,3,0,1
281,3,1,1
282,1,0,1
282,2,1,1
282,3,0,1
282,3,1,1
283,1,0,0
283,2,1,0
283,3,0,0
283,3,1,0
284,1,0,0
284,2,1,0
284,3,0,0
284,3,1,0
285,1,0,1
285,2,1,1
285,3,0,1
285,3,1,1
286,1,0,1
286,2,1,1
286,3,0,1
286,3,1,1
287,1,0,1
287,2,1,1
287,3,0,1
287,3,1,1
288,1,0,0
288,2,1,0
288,3,0,0
288,3,1,0
289,1,0,0
289,2,1,0
289,3,0,0
289,3,1,0
290,1,0,0
290,2,1,0
290,3,0,0
290,3,1,0
291,1,0,0
291,2,1,0
291,3,0,0
291,3,1,0
292,1,0,0
292,2,1,0
292,3,0,0
292,3,1,0
293,1,0,0
293,2,1,0
293,3,0,0
293,3,1,0
294,1,0,0
294,2,1,0
294,3,0,0
294,3,1,0
295,1,0,0
295,2,1,0
295,3,0,0
295,3,1,0
296,1,0,0
296,2,1,0
296,3,0,0
296,3,1,0
297,1,0,0
297,2,1,0
297,3,0,0
297,3,1,0
298,1,0,0
298,2,1,0
298,3,0,0
298,3,1,0
299,1,0,0
299,2,1,0
299,3,0,0
299,3,1,0
300,1,0,1
300,2,1,1
300,3,0,1
300,3,1,1
301,1,0,1
301,2,1,1
301,3,0,1
301,3,1,1
302,1,0,1
302,2,1,1
302,3,0,1
302,3,1,1
303,1,0,1
303,2,1,1
303,3,0,1
303,3,1,1
304,1,0,0
304,2,1,0
304,3,0,0
304,3,1,0
305,1,0,1
305,2,1,1
305,3,0,1
305,3,1,1
306,1,0,1
306,2,1,1
306,3,0,1
306,3,1,1
307,1,0,1
307,2,1,1
307,3,0,1
307,3,1,1
308,1,0,0
308,2,1,0
308,3,0,0
308,3,1,0
309,1,0,0
309,2,1,0
309,3,0,0
309,3,1,0
310,1,0,1
310,2,1,1
310,3,0,1
310,3,1,1
311,1,0,1
311,2,1,1
311,3,0,1
311,3,1,1
312,1,0,1
312,2,1,1
312,3,0,1
312,3,1,1
313,1,0,0
313,2,1,0
313,3,0,0
313,3,1,0
314,1,0,0
314,2,1,0
314,3,0,0
314,3,1,0
315,1,0,0
315,2,1,0
315,3,0,0
315,3,1,0
316,1,0,0
316,2,1,0
316,3,0,0
316,3,1,0
317,1,0,0
317,2,1,0
317,3,0,0
317,3,1,0
318,1,0,0
318,2,1,0
318,3,0,0
318,3,1,0
319,1,0,0
319,2,1,0
319,3,0,0
319,3,1,0
320,1,0,0
320,2,1,0
320,3,0,0
320,3,1,0
321,1,0,0
321,2,1,0
321,3,0,0
321,3,1,0
322,1,0,0
322,2,1,0
322,3,0,0
322,3,1,0
323,1,0,0
323,2,1,0
323,3,0,0
323,3,1,0
324,1,0,0
324,2,1,0
324,3,0,0
324,3,1,0
325,1,0,1
325,2,1,1
325,3,0,1
325,3,1,1
326,1,0,1
326,2,1,1
326,3,0,1
326,3,1,1
327,1,0,1
327,2,1,1
327,3,0,1
327,3,1,1
328,1,0,1
328,2,1,1
328,3,0,1
328,3,1,1
329,1,0,0
329,2,1,0
329,3,0,0
329,3,1,0
330,1,0,0
330,2,1,0
330,3,0,0
330,3,1,0
331,1,0,0
331,2,1,0
331,3,0,0
331,3,1,0
332,1,0,0
332,2,1,0
332,3,0,0
332,3,1,0
333,1,0,0
333,2,1,0
333,3,0,0
333,3,1,0
334,1,0,0
334,2,1,0
334,3,0,0
334,3,1,0
335,1,0,0
335,2,1,0
335,3,0,0
335,3,1,0
336,1,0,0
336,2,1,0
336,3,0,0
336,3,1,0
337,1,0,0
337,2,1,0
337,3,0,0
337,3,1,0
338,1,0,0
338,2,1,0
338,3,0,0
338,3,1,0
339,1,0,0
339,2,1,0
339,3,0,0
339,3,1,0
340,1,0,0
340,2,1,0
340,3,0,0
340,3,1,0
341,1,0,0
341,2,1,0
341,3,0,0
341,3,1,0
342,1,0,0
342,2,1,0
342,3,0,0
342,3,1,0
343,1,0,0
343,2,1,0
343,3,0,0
343,3,1,0
344,1,0,0
344,2,1,0
344,3,0,0
344,3,1,0
345,1,0,0
345,2,1,0
345,3,0,0
345,3,1,0
346,1,0,0
346,2,1,0
346,3,0,0
346,3,1,0
347,1,0,0
347,2,1,0
347,3,0,0
347,3,1,0
348,1,0,0
348,2,1,0
348,3,0,0
348,3,1,0
349,1,0,0
349,2,1,0
349,3,0,0
349,3,1,0
350,1,0,1
350,2,1,1
350,3,0,1
350,3,1,1
351,1,0,1
351,2,1,1
351,3,0,1
351,3,1,1
352,1,0,1
352,2,1,1
352,3,0,1
352,3,1,1
353,1,0,1
353,2,1,1
353,3,0,1
353,3,1,1
354,1,0,0
354,2,1,0
354,3,0,0
354,3,1,0
355,1,0,0
355,2,1,0
355,3,0,0
355,3,1,0
356,1,0,0
356,2,1,0
356,3,0,0
356,3,1,0
357,1,0,0
357,2,1,0
357,3,0,0
357,3,1,0
358,1,0,0
358,2,1,0
358,3,0,0
358,3,1,0
359,1,0,0
359,2,1,0
359,3,0,0
359,3,1,0
360,1,0,0
360,2,1,0
360,3,0,0
360,3,1,0
361,1,0,0
361,2,1,0
361,3,0,0
361,3,1,0
362,1,0,0
362,2,1,0
362,3,0,0
362,3,1,0
363,1,0,0
363,2,1,0
363,3,0,0
363,3,1,0
364,1,0,0
364,2,1,0
364,3,0,0
364,3,1,0
365,1,0,0
365,2,1,0
365,3,0,0
365,3,1,0
366,1,0,0
366,2,1,0
366,3,0,0
366,3,1,0
367,1,0,0
367,2,1,0
367,3,0,0
367,3,1,0
368,1,0,0
368,2,1,0
368,3,0,0
368,3,1,0
369,1,0,0
369,2,1,0
369,3,0,0
369,3,1,0
370,1,0,0
370,2,1,0
370,3,0,0
370,3,1,0
371,1,0,0
371,2,1,0
371,3,0,0
371,3,1,0
372,1,0,0
372,2,1,0
372,3,0,0
372,3,1,0
373,1,0,0
373,2,1,0
373,3,0,0
373,3,1,0
374,1,0,0
374,2,1,0
374,3,0,0
374,3,1,0
375,1,0,1
375,2,1,1
375,3,0,1
375,3,1,1
376,1,0,1
376,2,1,1
376,3,0,1
376,3,1,1
377,1,0,1
377,2,1,1
377,3,0,1
377,3,1,1
378,1,0,1
378,2,1,1
378,3,0,1
378,3,1,1
379,1,0,0
379,2,1,1
379,3,0,0
379,3,1,1
380,1,0,1
380,2,1,1
380,3,0,1
380,3,1,1
381,1,0,1
381,2,1,1
381,3,0,1
381,3,1,1
382,1,0,1
382,2,1,1
382,3,0,1
382,3,1,1
383,1,0,1
383,2,1,1
383,3,0,1
383,3,1,1
384,1,0,0
384,2,1,1
384,3,0,0
384,3,1,1
385,1,0,1
385,2,1,1
385,3,0,1
385,3,1,1
386,1,0,1
386,2,1,1
386,3,0,1
386,3,1,1
387,1,0,1
387,2,1,1
387,3,0,1
387,3,1,1
388,1,0,1
388,2,1,1
388,3,0,1
388,3,1,1
389,1,0,0
389,2,1,1
389,3,0,0
389,3,1,1
390,1,0,1
390,2,1,1
390,3,0,1
390,3,1,1
391,1,0,1
391,2,1,1
391,3,0,1
391,3,1,1
392,1,0,1
392,2,1,1
392,3,0,1
392,3,1,1
393,1,0,1
393,2,1,1
393,3,0,1
393,3,1,1
394,1,0,0
394,2,1,1
394,3,0,0
394,3,1,1
395,1,0,1
395,2,1,1
395,3,0,1
395,3,1,1
396,1,0,1
396,2,1,1
396,3,0,1
396,3,1,1
397,1,0,1
397,2,1,1
397,3,0,1
397,3,1,1
398,1,0,1
398,2,1,1
398,3,0,1
398,3,1,1
399,1,0,0
399,2,1,1
399,3,0,0
399,3,1,1
400,1,0,1
400,2,1,1
400,3,0,1
400,3,1,1
401,1,0,1
401,2,1,1
401,3,0,1
401,3,1,1
402,1,0,1
402,2,1,1
402,3,0,1
402,3,1,1
403,1,0,1
403,2,1,1
403,3,0,1
403,3,1,1
404,1,0,0
404,2,1,0
404,3,0,0
404,3,1,0
405,1,0,1
405,2,1,1
405,3,0,1
405,3,1,1
406,1,0,1
406,2,1,1
406,3,0,1
406,3,1,1
407,1,0,0
407,2,1,0
407,3,0,0
407,3,1,0
408,1,0,1
408,2,1,1
408,3,0,1
408,3,1,1
409,1,0,0
409,2,1,0
409,3,0,0
409,3,1,0
410,1,0,0
410,2,1,0
410,3,0,0
410,3,1,0
411,1,0,0
411,2,1,0
411,3,0,0
411,3,1,0
412,1,0,0
412,2,1,0
412,3,0,0
412,3,1,0
413,1,0,0
413,2,1,0
413,3,0,0
413,3,1,0
414,1,0,0
414,2,1,0
414,3,0,0
414,3,1,0
415,1,0,1
415,2,1,1
415,3,0,1
415,3,1,1
416,1,0,1
416,2,1,1
416,3,0,1
416,3,1,1
417,1,0,0
417,2,1,0
417,3,0,0
417,3,1,0
418,1,0,1
418,2,1,1
418,3,0,1
418,3,1,1
419,1,0,0
419,2,1,0
419,3,0,0
419,3,1,0
420,1,0,0
420,2,1,0
420,3,0,0
420,3,1,0
421,1,0,0
421,2,1,0
421,3,0,0
421,3,1,0
422,1,0,0
422,2,1,0
422,3,0,0
422,3,1,0
423,1,0,0
423,2,1,0
423,3,0,0
423,3,1,0
424,1,0,0
424,2,1,0
424,3,0,0
424,3,1,0
425,1,0,1
425,2,1,1
425,3,0,1
425,3,1,1
426,1,0,1
426,2,1,1
426,3,0,1
426,3,1,1
427,1,0,1
427,2,1,1
427,3,0,1
427,3,1,1
428,1,0,1
428,2,1,1
428,3,0,1
428,3,1,1
429,1,0,0
429,2,1,0
429,3,0,0
429,3,1,0
430,1,0,0
430,2,1,0
430,3,0,0
430,3,1,0
431,1,0,0
431,2,1,0
431,3,0,0
431,3,1,0
432,1,0,0
432,2,1,0
432,3,0,0
432,3,1,0
433,1,0,0
433,2,1,0
433,3,0,0
433,3,1,0
434,1,0,0
434,2,1,0
434,3,0,0
434,3,1,0
435,1,0,0
435,2,1,0
435,3,0,0
435,3,1,0
436,1,0,0
436,2,1,0
436,3,0,0
436,3,1,0
437,1,0,0
437,2,1,0
437,3,0,0
437,3,1,0
438,1,0,0
438,2,1,0
438,3,0,0
438,3,1,0
439,1,0,0
439,2,1,0
439,3,0,0
439,3,1,0
440,1,0,0
440,2,1,0
440,3,0,0
440,3,1,0
441,1,0,0
441,2,1,0
441,3,0,0
441,3,1,0
442,1,0,0
442,2,1,0
442,3,0,0
442,3,1,0
443,1,0,0
443,2,1,0
443,3,0,0
443,3,1,0
444,1,0,0
444,2,1,0
444,3,0,0
444,3,1,0
445,1,0,0
445,2,1,0
445,3,0,0
445,3,1,0
446,1,0,0
446,2,1,0
446,3,0,0
446,3,1,0
447,1,0,0
447,2,1,0
447,3,0,0
447,3,1,0
448,1,0,0
448,2,1,0
448,3,0,0
448,3,1,0
449,1,0,0
449,2,1,0
449,3,0,0
449,3,1,0
450,1,0,1
450,2,1,1
450,3,0,1
450,3,1,1
451,1,0,1
451,2,1,1
451,3,0,1
451,3,1,1
452,1,0,1
452,2,1,1
452,3,0,1
452,3,1,1
453,1,0,1
453,2,1,1
453,3,0,1
453,3,1,1
454,1,0,0
454,2,1,0
454,3,0,0
454,3,1,0
455,1,0,1
455,2,1,1
455,3,0,1
455,3,1,1
456,1,0,1
456,2,1,1
456,3,0,1
456,3,1,1
457,1,0,0
457,2,1,0
457,3,0,0
457,3,1,0
458,1,0,1
458,2,1,1
458,3,0,1
458,3,1,1
459,1,0,0
459,2,1,0
459,3,0,0
459,3,1,0
460,1,0,0
460,2,1,0
460,3,0,0
460,3,1,0
461,1,0,0
461,2,1,0
461,3,0,0
461,3,1,0
462,1,0,0
462,2,1,0
462,3,0,0
462,3,1,0
463,1,0,0
463,2,1,0
463,3,0,0
463,3,1,0
464,1,0,0
464,2,1,0
464,3,0,0
464,3,1,0
465,1,0,1
465,2,1,1
465,3,0,1
465,3,1,1
466,1,0,1
466,2,1,1
466,3,0,1
466,3,1,1
467,1,0,0
467,2,1,0
467,3,0,0
467,3,1,0
468,1,0,1
468,2,1,1
468,3,0,1
468,3,1,1
469,1,0,0
469,2,1,0
469,3,0,0
469,3,1,0
470,1,0,0
470,2,1,0
470,3,0,0
470,3,1,0
471,1,0,0
471,2,1,0
471,3,0,0
471,3,1,0
472,1,0,0
472,2,1,0
472,3,0,0
472,3,1,0
473,1,0,0
473,2,1,0
473,3,0,0
473,3,1,0
474,1,0,0
474,2,1,0
474,3,0,0
474,3,1,0
475,1,0,1
475,2,1,1
475,3,0,1
475,3,1,1
476,1,0,1
476,2,1,1
476,3,0,1
476,3,1,1
477,1,0,1
477,2,1,1
477,3,0,1
477,3,1,1
478,1,0,1
478,2,1,1
478,3,0,1
478,3,1,1
479,1,0,0
479,2,1,0
479,3,0,0
479,3,1,0
480,1,0,0
480,2,1,0
480,3,0,0
480,3,1,0
481,1,0,0
481,2,1,0
481,3,0,0
481,3,1,0
482,1,0,0
482,2,1,0
482,3,0,0
482,3,1,0
483,1,0,0
483,2,1,0
483,3,0,0
483,3,1,0
484,1,0,0
484,2,1,0
484,3,0,0
484,3,1,0
485,1,0,0
485,2,1,0
485,3,0,0
485,3,1,0
486,1,0,0
486,2,1,0
486,3,0,0
486,3,1,0
487,1,0,0
487,2,1,0
487,3,0,0
487,3,1,0
488,1,0,0
488,2,1,0
488,3,0,0
488,3,1,0
489,1,0,0
489,2,1,0
489,3,0,0
489,3,1,0
490,1,0,0
490,2,1,0
490,3,0,0
490,3,1,0
491,1,0,0
491,2,1,0
491,3,0,0
491,3,1,0
492,1,0,0
492,2,1,0
492,3,0,0
492,3,1,0
493,1,0,0
493,2,1,0
493,3,0,0
493,3,1,0
494,1,0,0
494,2,1,0
494,3,0,0
494,3,1,0
495,1,0,0
495,2,1,0
495,3,0,0
495,3,1,0
496,1,0,0
496,2,1,0
496,3,0,0
496,3,1,0
497,1,0,0
497,2,1,0
497,3,0,0
497,3,1,0
498,1,0,0
498,2,1,0
498,3,0,0
498,3,1,0
499,1,0,0
499,2,1,0
499,3,0,0
499,3,1,0
500,1,0,1
500,2,1,0
500,3,0,1
500,3,1,0
501,1,0,1
501,2,1,0
501,3,0,1
501,3,1,0
502,1,0,1
502,2,1,0
502,3,0,1
502,3,1,0
503,1,0,1
503,2,1,0
503,3,0,1
503,3,1,0
504,1,0,0
504,2,1,0
504,3,0,0
504,3,1,0
505,1,0,0
505,2,1,0
505,3,0,0
505,3,1,0
506,1,0,0
506,2,1,0
506,3,0,0
506,3,1,0
507,1,0,0
507,2,1,0
507,3,0,0
507,3,1,0
508,1,0,0
508,2,1,0
508,3,0,0
508,3,1,0
509,1,0,0
509,2,1,0
509,3,0,0
509,3,1,0
510,1,0,0
510,2,1,0
510,3,0,0
510,3,1,0
511,1,0,0
511,2,1,0
511,3,0,0
511,3,1,0
512,1,0,0
512,2,1,0
512,3,0,0
512,3,1,0
513,1,0,0
513,2,1,0
513,3,0,0
513,3,1,0
514,1,0,0
514,2,1,0
514,3,0,0
514,3,1,0
515,1,0,0
515,2,1,0
515,3,0,0
515,3,1,0
516,1,0,0
516,2,1,0
516,3,0,0
516,3,1,0
517,1,0,0
517,2,1,0
517,3,0,0
517,3,1,0
518,1,0,0
518,2,1,0
518,3,0,0
518,3,1,0
519,1,0,0
519,2,1,0
519,3,0,0
519,3,1,0
520,1,0,0
520,2,1,0
520,3,0,0
520,3,1,0
521,1,0,0
521,2,1,0
521,3,0,0
521,3,1,0
522,1,0,0
522,2,1,0
522,3,0,0
522,3,1,0
523,1,0,0
523,2,1,0
523,3,0,0
523,3,1,0
524,1,0,0
524,2,1,0
524,3,0,0
524,3,1,0
525,1,0,1
525,2,1,0
525,3,0,1
525,3,1,0
526,1,0,1
526,2,1,0
526,3,0,1
526,3,1,0
527,1,0,1
527,2,1,0
527,3,0,1
527,3,1,0
528,1,0,1
528,2,1,0
528,3,0,1
528,3,1,0
529,1,0,0
529,2,1,0
529,3,0,0
529,3,1,0
530,1,0,0
530,2,1,0
530,3,0,0
530,3,1,0
531,1,0,0
531,2,1,0
531,3,0,0
531,3,1,0
532,1,0,0
532,2,1,0
532,3,0,0
532,3,1,0
533,1,0,0
533,2,1,0
533,3,0,0
533,3,1,0
534,1,0,0
534,2,1,0
534,3,0,0
534,3,1,0
535,1,0,0
535,2,1,0
535,3,0,0
535,3,1,0
536,1,0,0
536,2,1,0
536,3,0,0
536,3,1,0
537,1,0,0
537,2,1,0
537,3,0,0
537,3,1,0
538,1,0,0
538,2,1,0
538,3,0,0
538,3,1,0
539,1,0,0
539,2,1,0
539,3,0,0
539,3,1,0
540,1,0,0
540,2,1,0
540,3,0,0
540,3,1,0
541,1,0,0
541,2,1,0
541,3,0,0
541,3,1,0
542,1,0,0
542,2,1,0
542,3,0,0
542,3,1,0
543,1,0,0
543,2,1,0
543,3,0,0
543,3,1,0
544,1,0,0
544,2,1,0
544,3,0,0
544,3,1,0
545,1,0,0
545,2,1,0
545,3,0,0
545,3,1,0
546,1,0,0
546,2,1,0
546,3,0,0
546,3,1,0
547,1,0,0
547,2,1,0
547,3,0,0
547,3,1,0
548,1,0,0
548,2,1,0
548,3,0,0
548,3,1,0
549,1,0,0
549,2,1,0
549,3,0,0
549,3,1,0
550,1,0,1
550,2,1,0
550,3,0,1
550,3,1,0
551,1,0,1
551,2,1,0
551,3,0,1
551,3,1,0
552,1,0,1
552,2,1,0
552,3,0,1
552,3,1,0
553,1,0,1
553,2,1,0
553,3,0,1
553,3,1,0
554,1,0,0
554,2,1,0
554,3,0,0
554,3,1,0
555,1,0,0
555,2,1,0
555,3,0,0
555,3,1,0
556,1,0,0
556,2,1,0
556,3,0,0
556,3,1,0
557,1,0,0
557,2,1,0
557,3,0,0
557,3,1,0
558,1,0,0
558,2,1,0
558,3,0,0
558,3,1,0
559,1,0,0
559,2,1,0
559,3,0,0
559,3,1,0
560,1,0,0
560,2,1,0
560,3,0,0
560,3,1,0
561,1,0,0
561,2,1,0
561,3,0,0
561,3,1,0
562,1,0,0
562,2,1,0
562,3,0,0
562,3,1,0
563,1,0,0
563,2,1,0
563,3,0,0
563,3,1,0
564,1,0,0
564,2,1,0
564,3,0,0
564,3,1,0
565,1,0,0
565,2,1,0
565,3,0,0
565,3,1,0
566,1,0,0
566,2,1,0
566,3,0,0
566,3,1,0
567,1,0,0
567,2,1,0
567,3,0,0
567,3,1,0
568,1,0,0
568,2,1,0
568,3,0,0
568,3,1,0
569,1,0,0
569,2,1,0
569,3,0,0
569,3,1,0
570,1,0,0
570,2,1,0
570,3,0,0
570,3,1,0
571,1,0,0
571,2,1,0
571,3,0,0
571,3,1,0
572,1,0,0
572,2,1,0
572,3,0,0
572,3,1,0
573,1,0,0
573,2,1,0
573,3,0,0
573,3,1,0
574,1,0,0
574,2,1,0
574,3,0,0
574,3,1,0
575,1,0,1
575,2,1,0
575,3,0,1
575,3,1,0
576,1,0,1
576,2,1,0
576,3,0,1
576,3,1,0
577,1,0,1
577,2,1,0
577,3,0,1
577,3,1,0
578,1,0,1
578,2,1,0
578,3,0,1
578,3,1,0
579,1,0,0
579,2,1,0
579,3,0,0
579,3,1,0
580,1,0,0
580,2,1,0
580,3,0,0
580,3,1,0
581,1,0,0
581,2,1,0
581,3,0,0
581,3,1,0
582,1,0,0
582,2,1,0
582,3,0,0
582,3,1,0
583,1,0,0
583,2,1,0
583,3,0,0
583,3,1,0
584,1,0,0
584,2,1,0
584,3,0,0
584,3,1,0
585,1,0,0
585,2,1,0
585,3,0,0
585,3,1,0
586,1,0,0
586,2,1,0
586,3,0,0
586,3,1,0
587,1,0,0
587,2,1,0
587,3,0,0
587,3,1,0
588,1,0,0
588,2,1,0
588,3,0,0
588,3,1,0
589,1,0,0
589,2,1,0
589,3,0,0
589,3,1,0
590,1,0,0
590,2,1,0
590,3,0,0
590,3,1,0
591,1,0,0
591,2,1,0
591,3,0,0
591,3,1,0
592,1,0,0
592,2,1,0
592,3,0,0
592,3,1,0
593,1,0,0
593,2,1,0
593,3,0,0
593,3,1,0
594,1,0,0
594,2,1,0
594,3,0,0
594,3,1,0
595,1,0,0
595,2,1,0
595,3,0,0
595,3,1,0
596,1,0,0
596,2,1,0
596,3,0,0
596,3,1,0
597,1,0,0
597,2,1,0
597,3,0,0
597,3,1,0
598,1,0,0
598,2,1,0
598,3,0,0
598,3,1,0
599,1,0,0
599,2,1,0
599,3,0,0
599,3,1,0
600,1,0,1
600,2,1,0
600,3,0,1
600,3,1,0
601,1,0,1
601,2,1,0
601,3,0,1
601,3,1,0
602,1,0,1
602,2,1,0
602,3,0,1
602,3,1,0
603,1,0,1
603,2,1,0
603,3,0,1
603,3,1,0
604,1,0,0
604,2,1,0
604,3,0,0
604,3,1,0
605,1,0,0
605,2,1,0
605,3,0,0
605,3,1,0
606,1,0,0
606,2,1,0
606,3,0,0
606,3,1,0
607,1,0,0
607,2,1,0
607,3,0,0
607,3,1,0
608,1,0,0
608,2,1,0
608,3,0,0
608,3,1,0
609,1,0,0
609,2,1,0
609,3,0,0
609,3,1,0
610,1,0,0
610,2,1,0
610,3,0,0
610,3,1,0
611,1,0,0
611,2,1,0
611,3,0,0
611,3,1,0
612,1,0,0
612,2,1,0
612,3,0,0
612,3,1,0
613,1,0,0
613,2,1,0
613,3,0,0
613,3,1,0
614,1,0,0
614,2,1,0
614,3,0,0
614,3,1,0
615,1,0,0
615,2,1,0
615,3,0,0
615,3,1,0
616,1,0,0
616,2,1,0
616,3,0,0
616,3,1,0
617,1,0,0
617,2,1,0
617,3,0,0
617,3,1,0
618,1,0,0
618,2,1,0
618,3,0,0
618,3,1,0
619,1,0,0
619,2,1,0
619,3,0,0
619,3,1,0
620,1,0,0
620,2,1,0
620,3,0,0
620,3,1,0
621,1,0,0
621,2,1,0
621,3,0,0
621,3,1,0
622,1,0,0
622,2,1,0
622,3,0,0
622,3,1,0
623,1,0,0
623,2,1,0
623,3,0,0
623,3,1,0
624,1,0,0
624,2,1,0
624,3,0,0
624,3,1,0
