case,states,tasks,normalized_edges,ports,finite_changes,live
0,9,0,18,2,0,0
0,9,0,18,2,1,0
1,9,3,28,2,0,0
1,9,3,28,2,1,0
2,9,0,28,2,0,0
2,9,0,28,2,1,0
3,9,2,23,2,0,0
3,9,2,23,2,1,0
4,9,3,20,2,0,0
4,9,3,20,2,1,0
5,9,1,20,2,0,0
5,9,1,20,2,1,0
6,9,0,19,2,0,0
6,9,0,19,2,1,0
7,7,0,9,2,0,1
7,7,0,9,2,1,1
8,7,2,19,2,0,0
8,7,2,19,2,1,0
9,7,3,16,2,0,0
9,7,3,16,2,1,0
10,7,2,16,2,0,0
10,7,2,16,2,1,0
11,7,3,18,2,0,0
11,7,3,18,2,1,0
12,9,3,21,2,0,0
12,9,3,21,2,1,0
13,9,0,18,2,0,0
13,9,0,18,2,1,0
14,7,3,16,2,0,0
14,7,3,16,2,1,0
15,9,1,25,2,0,0
15,9,1,25,2,1,0
16,9,1,22,2,0,0
16,9,1,22,2,1,0
17,7,3,14,2,0,0
17,7,3,14,2,1,0
18,9,2,24,2,0,0
18,9,2,24,2,1,0
19,9,1,23,2,0,0
19,9,1,23,2,1,0
20,9,3,21,2,0,0
20,9,3,21,2,1,0
21,9,3,20,2,0,0
21,9,3,20,2,1,0
22,7,2,18,2,0,0
22,7,2,18,2,1,0
23,7,0,14,2,0,0
23,7,0,14,2,1,0
24,7,1,18,2,0,0
24,7,1,18,2,1,0
25,7,1,14,2,0,0
25,7,1,14,2,1,0
26,9,1,26,2,0,0
26,9,1,26,2,1,0
27,7,0,14,2,0,0
27,7,0,14,2,1,0
28,7,2,18,2,0,0
28,7,2,18,2,1,0
29,7,3,12,2,0,0
29,7,3,12,2,1,0
30,7,0,16,2,0,0
30,7,0,16,2,1,0
31,9,2,20,2,0,0
31,9,2,20,2,1,0
32,7,0,10,2,0,0
32,7,0,10,2,1,0
33,7,3,18,2,0,0
33,7,3,18,2,1,0
34,9,0,15,2,0,0
34,9,0,15,2,1,0
35,7,3,13,2,0,0
35,7,3,13,2,1,0
36,9,2,23,2,0,0
36,9,2,23,2,1,0
37,7,0,13,2,0,0
37,7,0,13,2,1,0
38,7,2,16,2,0,0
38,7,2,16,2,1,0
39,7,3,13,2,0,1
39,7,3,13,2,1,1
40,9,0,21,2,0,0
40,9,0,21,2,1,0
41,7,2,15,2,0,0
41,7,2,15,2,1,0
42,9,0,22,2,0,0
42,9,0,22,2,1,1
43,7,1,14,2,0,0
43,7,1,14,2,1,0
44,9,3,20,2,0,0
44,9,3,20,2,1,0
45,7,1,15,2,0,0
45,7,1,15,2,1,0
46,7,2,10,2,0,0
46,7,2,10,2,1,0
47,7,3,10,2,0,0
47,7,3,10,2,1,0
48,7,3,15,2,0,0
48,7,3,15,2,1,0
49,7,1,18,2,0,0
49,7,1,18,2,1,0
50,7,0,17,2,0,0
50,7,0,17,2,1,0
51,9,3,18,2,0,0
51,9,3,18,2,1,0
52,7,3,14,2,0,0
52,7,3,14,2,1,0
53,7,0,18,2,0,0
53,7,0,18,2,1,0
54,7,0,13,2,0,0
54,7,0,13,2,1,0
55,9,3,22,2,0,0
55,9,3,22,2,1,0
56,9,3,16,2,0,0
56,9,3,16,2,1,0
57,9,2,23,2,0,0
57,9,2,23,2,1,0
58,7,2,13,2,0,0
58,7,2,13,2,1,0
59,9,0,22,2,0,0
59,9,0,22,2,1,0
60,9,2,17,2,0,0
60,9,2,17,2,1,0
61,7,2,19,2,0,0
61,7,2,19,2,1,0
62,7,0,12,2,0,0
62,7,0,12,2,1,0
63,9,3,19,2,0,0
63,9,3,19,2,1,0
64,9,3,23,2,0,0
64,9,3,23,2,1,0
65,7,2,14,2,0,0
65,7,2,14,2,1,0
66,7,3,13,2,0,0
66,7,3,13,2,1,0
67,7,2,13,2,0,0
67,7,2,13,2,1,0
68,9,3,20,2,0,0
68,9,3,20,2,1,0
69,7,3,12,2,0,0
69,7,3,12,2,1,0
70,9,2,25,2,0,0
70,9,2,25,2,1,0
71,7,0,17,2,0,0
71,7,0,17,2,1,0
72,9,0,22,2,0,0
72,9,0,22,2,1,0
73,7,3,14,2,0,0
73,7,3,14,2,1,0
74,9,0,21,2,0,0
74,9,0,21,2,1,0
75,7,2,14,2,0,1
75,7,2,14,2,1,1
76,7,1,14,2,0,0
76,7,1,14,2,1,0
77,9,0,24,2,0,0
77,9,0,24,2,1,0
78,7,2,12,2,0,1
78,7,2,12,2,1,1
79,9,2,21,2,0,0
79,9,2,21,2,1,0
80,7,0,13,2,0,0
80,7,0,13,2,1,0
81,9,0,29,2,0,0
81,9,0,29,2,1,0
82,9,2,18,2,0,0
82,9,2,18,2,1,0
83,7,1,14,2,0,0
83,7,1,14,2,1,0
84,7,2,18,2,0,0
84,7,2,18,2,1,0
85,7,1,14,2,0,1
85,7,1,14,2,1,1
86,7,0,14,2,0,0
86,7,0,14,2,1,0
87,9,0,25,2,0,0
87,9,0,25,2,1,0
88,9,0,19,2,0,0
88,9,0,19,2,1,0
89,7,1,12,2,0,0
89,7,1,12,2,1,0
90,9,1,20,2,0,0
90,9,1,20,2,1,0
91,7,1,17,2,0,0
91,7,1,17,2,1,0
92,7,0,17,2,0,0
92,7,0,17,2,1,0
93,7,2,10,2,0,0
93,7,2,10,2,1,0
94,9,3,15,2,0,0
94,9,3,15,2,1,0
95,9,1,19,2,0,0
95,9,1,19,2,1,0
96,7,1,16,2,0,0
96,7,1,16,2,1,0
97,7,3,16,2,0,0
97,7,3,16,2,1,0
98,7,2,12,2,0,0
98,7,2,12,2,1,0
99,9,3,24,2,0,0
99,9,3,24,2,1,0
100,9,0,26,2,0,0
100,9,0,26,2,1,0
101,9,2,20,2,0,0
101,9,2,20,2,1,0
102,9,3,20,2,0,0
102,9,3,20,2,1,0
103,7,2,20,2,0,0
103,7,2,20,2,1,0
104,9,0,15,2,0,0
104,9,0,15,2,1,0
105,9,3,22,2,0,0
105,9,3,22,2,1,0
106,9,2,26,2,0,0
106,9,2,26,2,1,0
107,9,1,23,2,0,0
107,9,1,23,2,1,0
108,9,2,25,2,0,0
108,9,2,25,2,1,0
109,9,0,21,2,0,0
109,9,0,21,2,1,0
110,7,3,19,2,0,0
110,7,3,19,2,1,0
111,7,1,14,2,0,0
111,7,1,14,2,1,0
112,9,3,16,2,0,0
112,9,3,16,2,1,0
113,7,2,14,2,0,0
113,7,2,14,2,1,0
114,9,1,18,2,0,0
114,9,1,18,2,1,0
115,9,3,22,2,0,0
115,9,3,22,2,1,0
116,7,2,13,2,0,0
116,7,2,13,2,1,0
117,9,2,21,2,0,0
117,9,2,21,2,1,0
118,7,2,10,2,0,0
118,7,2,10,2,1,0
119,7,0,16,2,0,0
119,7,0,16,2,1,0
120,9,3,27,2,0,0
120,9,3,27,2,1,0
121,9,0,16,2,0,0
121,9,0,16,2,1,0
122,9,2,16,2,0,0
122,9,2,16,2,1,0
123,7,1,16,2,0,0
123,7,1,16,2,1,0
124,9,1,23,2,0,0
124,9,1,23,2,1,0
125,7,0,13,2,0,0
125,7,0,13,2,1,0
126,9,1,22,2,0,0
126,9,1,22,2,1,0
127,9,1,20,2,0,0
127,9,1,20,2,1,0
128,9,0,25,2,0,0
128,9,0,25,2,1,0
129,7,1,14,2,0,0
129,7,1,14,2,1,0
130,7,0,15,2,0,0
130,7,0,15,2,1,0
131,7,0,13,2,0,0
131,7,0,13,2,1,0
132,7,2,15,2,0,0
132,7,2,15,2,1,0
133,9,0,20,2,0,0
133,9,0,20,2,1,0
134,7,0,12,2,0,0
134,7,0,12,2,1,0
135,9,3,13,2,0,0
135,9,3,13,2,1,0
136,7,1,17,2,0,1
136,7,1,17,2,1,1
137,7,3,17,2,0,0
137,7,3,17,2,1,0
138,9,1,15,2,0,0
138,9,1,15,2,1,0
139,9,1,22,2,0,0
139,9,1,22,2,1,0
140,9,1,17,2,0,0
140,9,1,17,2,1,0
141,7,2,18,2,0,0
141,7,2,18,2,1,0
142,9,0,26,2,0,0
142,9,0,26,2,1,0
143,7,3,22,2,0,0
143,7,3,22,2,1,0
144,9,3,20,2,0,0
144,9,3,20,2,1,0
145,7,3,16,2,0,0
145,7,3,16,2,1,0
146,9,0,24,2,0,0
146,9,0,24,2,1,0
147,9,2,24,2,0,0
147,9,2,24,2,1,0
148,9,0,20,2,0,0
148,9,0,20,2,1,0
149,7,3,13,2,0,0
149,7,3,13,2,1,0
150,7,0,16,2,0,0
150,7,0,16,2,1,0
151,9,2,18,2,0,0
151,9,2,18,2,1,0
152,7,1,15,2,0,0
152,7,1,15,2,1,0
153,9,2,20,2,0,0
153,9,2,20,2,1,0
154,7,0,15,2,0,0
154,7,0,15,2,1,0
155,7,0,13,2,0,0
155,7,0,13,2,1,0
156,9,1,21,2,0,0
156,9,1,21,2,1,0
157,9,1,25,2,0,0
157,9,1,25,2,1,0
158,9,0,17,2,0,0
158,9,0,17,2,1,0
159,7,0,16,2,0,0
159,7,0,16,2,1,0
160,9,3,18,2,0,0
160,9,3,18,2,1,0
161,7,3,16,2,0,0
161,7,3,16,2,1,0
162,7,2,12,2,0,1
162,7,2,12,2,1,1
163,7,1,16,2,0,0
163,7,1,16,2,1,0
164,7,1,18,2,0,0
164,7,1,18,2,1,0
165,9,1,28,2,0,0
165,9,1,28,2,1,0
166,7,2,14,2,0,0
166,7,2,14,2,1,0
167,7,1,12,2,0,0
167,7,1,12,2,1,0
168,9,3,21,2,0,0
168,9,3,21,2,1,0
169,7,1,16,2,0,1
169,7,1,16,2,1,1
170,9,3,28,2,0,0
170,9,3,28,2,1,0
171,7,2,17,2,0,0
171,7,2,17,2,1,0
172,9,2,27,2,0,0
172,9,2,27,2,1,0
173,9,1,16,2,0,0
173,9,1,16,2,1,0
174,7,0,14,2,0,0
174,7,0,14,2,1,0
175,9,0,19,2,0,0
175,9,0,19,2,1,0
176,9,2,27,2,0,0
176,9,2,27,2,1,0
177,9,0,20,2,0,0
177,9,0,20,2,1,0
178,7,1,13,2,0,0
178,7,1,13,2,1,0
179,7,0,14,2,0,0
179,7,0,14,2,1,0
180,7,0,10,2,0,0
180,7,0,10,2,1,0
181,7,2,17,2,0,0
181,7,2,17,2,1,0
182,9,2,32,2,0,0
182,9,2,32,2,1,0
183,9,2,18,2,0,0
183,9,2,18,2,1,0
184,9,2,25,2,0,0
184,9,2,25,2,1,0
185,9,1,22,2,0,0
185,9,1,22,2,1,0
186,9,0,19,2,0,0
186,9,0,19,2,1,0
187,9,3,24,2,0,0
187,9,3,24,2,1,0
188,9,0,25,2,0,0
188,9,0,25,2,1,0
189,7,3,13,2,0,0
189,7,3,13,2,1,0
190,9,0,20,2,0,0
190,9,0,20,2,1,0
191,9,1,19,2,0,0
191,9,1,19,2,1,0
192,9,3,22,2,0,0
192,9,3,22,2,1,0
193,7,2,9,2,0,1
193,7,2,9,2,1,1
194,7,1,17,2,0,0
194,7,1,17,2,1,0
195,7,3,13,2,0,0
195,7,3,13,2,1,0
196,9,1,29,2,0,0
196,9,1,29,2,1,0
197,7,1,15,2,0,0
197,7,1,15,2,1,0
198,9,1,19,2,0,0
198,9,1,19,2,1,0
199,7,3,15,2,0,0
199,7,3,15,2,1,0
200,7,1,18,2,0,0
200,7,1,18,2,1,0
201,9,2,20,2,0,0
201,9,2,20,2,1,0
202,7,3,17,2,0,0
202,7,3,17,2,1,0
203,7,0,16,2,0,0
203,7,0,16,2,1,0
204,7,3,20,2,0,0
204,7,3,20,2,1,0
205,7,3,12,2,0,0
205,7,3,12,2,1,0
206,9,0,22,2,0,0
206,9,0,22,2,1,0
207,9,1,23,2,0,0
207,9,1,23,2,1,0
208,7,0,13,2,0,0
208,7,0,13,2,1,0
209,7,3,18,2,0,0
209,7,3,18,2,1,0
210,7,3,14,2,0,0
210,7,3,14,2,1,0
211,9,3,20,2,0,0
211,9,3,20,2,1,0
212,9,3,21,2,0,0
212,9,3,21,2,1,0
213,7,0,20,2,0,0
213,7,0,20,2,1,0
214,9,3,24,2,0,0
214,9,3,24,2,1,0
215,9,1,22,2,0,0
215,9,1,22,2,1,0
216,9,0,18,2,0,0
216,9,0,18,2,1,1
217,9,2,23,2,0,0
217,9,2,23,2,1,0
218,9,2,19,2,0,0
218,9,2,19,2,1,0
219,9,1,22,2,0,0
219,9,1,22,2,1,0
220,9,3,28,2,0,0
220,9,3,28,2,1,0
221,7,1,19,2,0,0
221,7,1,19,2,1,0
222,9,2,25,2,0,0
222,9,2,25,2,1,0
223,9,2,27,2,0,0
223,9,2,27,2,1,0
224,7,3,14,2,0,1
224,7,3,14,2,1,1
225,7,2,13,2,0,0
225,7,2,13,2,1,0
226,7,1,11,2,0,0
226,7,1,11,2,1,0
227,7,1,12,2,0,0
227,7,1,12,2,1,0
228,9,2,19,2,0,0
228,9,2,19,2,1,0
229,7,3,11,2,0,0
229,7,3,11,2,1,0
230,7,1,15,2,0,0
230,7,1,15,2,1,0
231,7,0,16,2,0,0
231,7,0,16,2,1,0
232,9,3,26,2,0,0
232,9,3,26,2,1,0
233,9,0,19,2,0,0
233,9,0,19,2,1,0
234,7,0,14,2,0,0
234,7,0,14,2,1,0
235,7,2,18,2,0,0
235,7,2,18,2,1,0
236,7,1,12,2,0,1
236,7,1,12,2,1,1
237,9,3,17,2,0,0
237,9,3,17,2,1,0
238,9,3,15,2,0,0
238,9,3,15,2,1,0
239,9,1,17,2,0,0
239,9,1,17,2,1,0
240,9,3,25,2,0,0
240,9,3,25,2,1,0
241,7,3,13,2,0,0
241,7,3,13,2,1,0
242,7,0,14,2,0,0
242,7,0,14,2,1,0
243,9,3,23,2,0,0
243,9,3,23,2,1,0
244,7,0,16,2,0,0
244,7,0,16,2,1,0
245,9,0,23,2,0,0
245,9,0,23,2,1,0
246,7,0,16,2,0,0
246,7,0,16,2,1,0
247,7,0,17,2,0,0
247,7,0,17,2,1,0
248,7,0,20,2,0,0
248,7,0,20,2,1,0
249,9,1,19,2,0,0
249,9,1,19,2,1,0
250,7,0,17,2,0,0
250,7,0,17,2,1,0
251,7,2,14,2,0,0
251,7,2,14,2,1,0
252,7,1,18,2,0,0
252,7,1,18,2,1,0
253,7,0,15,2,0,0
253,7,0,15,2,1,0
254,7,3,18,2,0,0
254,7,3,18,2,1,0
255,7,3,12,2,0,0
255,7,3,12,2,1,0
