family,edge_encoding,finite_changes,live
goal,0,0,0
goal,0,1,0
goal,1,0,0
goal,1,1,0
goal,2,0,0
goal,2,1,0
goal,3,0,0
goal,3,1,1
goal,4,0,0
goal,4,1,1
goal,5,0,1
goal,5,1,1
goal,6,0,0
goal,6,1,0
goal,7,0,0
goal,7,1,0
goal,8,0,0
goal,8,1,1
goal,9,0,0
goal,9,1,1
goal,10,0,1
goal,10,1,1
goal,11,0,1
goal,11,1,1
goal,12,0,0
goal,12,1,0
goal,13,0,1
goal,13,1,1
goal,14,0,0
goal,14,1,1
goal,15,0,1
goal,15,1,1
goal,16,0,0
goal,16,1,0
goal,17,0,0
goal,17,1,0
goal,18,0,0
goal,18,1,1
goal,19,0,0
goal,19,1,1
goal,20,0,1
goal,20,1,1
goal,21,0,1
goal,21,1,1
goal,22,0,0
goal,22,1,0
goal,23,0,1
goal,23,1,1
goal,24,0,0
goal,24,1,1
goal,25,0,0
goal,25,1,0
goal,26,0,0
goal,26,1,0
goal,27,0,0
goal,27,1,0
goal,28,0,0
goal,28,1,1
goal,29,0,0
goal,29,1,1
goal,30,0,1
goal,30,1,1
goal,31,0,0
goal,31,1,0
goal,32,0,0
goal,32,1,0
goal,33,0,0
goal,33,1,1
goal,34,0,0
goal,34,1,1
goal,35,0,1
goal,35,1,1
goal,36,0,1
goal,36,1,1
goal,37,0,0
goal,37,1,0
goal,38,0,1
goal,38,1,1
goal,39,0,0
goal,39,1,1
goal,40,0,1
goal,40,1,1
goal,41,0,0
goal,41,1,0
goal,42,0,0
goal,42,1,0
goal,43,0,0
goal,43,1,1
goal,44,0,0
goal,44,1,1
goal,45,0,1
goal,45,1,1
goal,46,0,1
goal,46,1,1
goal,47,0,0
goal,47,1,0
goal,48,0,1
goal,48,1,1
goal,49,0,0
goal,49,1,1
goal,50,0,0
goal,50,1,0
goal,51,0,0
goal,51,1,0
goal,52,0,0
goal,52,1,0
goal,53,0,0
goal,53,1,1
goal,54,0,0
goal,54,1,1
goal,55,0,1
goal,55,1,1
goal,56,0,0
goal,56,1,0
goal,57,0,0
goal,57,1,0
goal,58,0,0
goal,58,1,1
goal,59,0,0
goal,59,1,1
goal,60,0,1
goal,60,1,1
goal,61,0,1
goal,61,1,1
goal,62,0,0
goal,62,1,0
goal,63,0,1
goal,63,1,1
goal,64,0,0
goal,64,1,1
goal,65,0,1
goal,65,1,1
goal,66,0,0
goal,66,1,0
goal,67,0,0
goal,67,1,0
goal,68,0,0
goal,68,1,1
goal,69,0,0
goal,69,1,1
goal,70,0,1
goal,70,1,1
goal,71,0,1
goal,71,1,1
goal,72,0,0
goal,72,1,0
goal,73,0,1
goal,73,1,1
goal,74,0,0
goal,74,1,1
goal,75,0,0
goal,75,1,0
goal,76,0,0
goal,76,1,0
goal,77,0,0
goal,77,1,0
goal,78,0,0
goal,78,1,1
goal,79,0,0
goal,79,1,1
goal,80,0,1
goal,80,1,1
goal,81,0,0
goal,81,1,0
goal,82,0,0
goal,82,1,0
goal,83,0,0
goal,83,1,1
goal,84,0,0
goal,84,1,1
goal,85,0,1
goal,85,1,1
goal,86,0,1
goal,86,1,1
goal,87,0,0
goal,87,1,0
goal,88,0,1
goal,88,1,1
goal,89,0,0
goal,89,1,1
goal,90,0,1
goal,90,1,1
goal,91,0,0
goal,91,1,0
goal,92,0,0
goal,92,1,0
goal,93,0,0
goal,93,1,1
goal,94,0,0
goal,94,1,1
goal,95,0,1
goal,95,1,1
goal,96,0,1
goal,96,1,1
goal,97,0,0
goal,97,1,0
goal,98,0,1
goal,98,1,1
goal,99,0,0
goal,99,1,1
goal,100,0,0
goal,100,1,0
goal,101,0,0
goal,101,1,0
goal,102,0,0
goal,102,1,0
goal,103,0,0
goal,103,1,1
goal,104,0,0
goal,104,1,1
goal,105,0,1
goal,105,1,1
goal,106,0,0
goal,106,1,0
goal,107,0,0
goal,107,1,0
goal,108,0,0
goal,108,1,1
goal,109,0,0
goal,109,1,1
goal,110,0,1
goal,110,1,1
goal,111,0,1
goal,111,1,1
goal,112,0,0
goal,112,1,0
goal,113,0,1
goal,113,1,1
goal,114,0,0
goal,114,1,1
goal,115,0,1
goal,115,1,1
goal,116,0,0
goal,116,1,0
goal,117,0,0
goal,117,1,0
goal,118,0,0
goal,118,1,1
goal,119,0,0
goal,119,1,1
goal,120,0,1
goal,120,1,1
goal,121,0,1
goal,121,1,1
goal,122,0,0
goal,122,1,0
goal,123,0,1
goal,123,1,1
goal,124,0,0
goal,124,1,1
goal,125,0,0
goal,125,1,0
goal,126,0,0
goal,126,1,0
goal,127,0,0
goal,127,1,0
goal,128,0,0
goal,128,1,1
goal,129,0,0
goal,129,1,1
goal,130,0,1
goal,130,1,1
goal,131,0,0
goal,131,1,0
goal,132,0,0
goal,132,1,0
goal,133,0,0
goal,133,1,1
goal,134,0,0
goal,134,1,1
goal,135,0,1
goal,135,1,1
goal,136,0,1
goal,136,1,1
goal,137,0,0
goal,137,1,0
goal,138,0,1
goal,138,1,1
goal,139,0,0
goal,139,1,1
goal,140,0,1
goal,140,1,1
goal,141,0,0
goal,141,1,0
goal,142,0,0
goal,142,1,0
goal,143,0,0
goal,143,1,1
goal,144,0,0
goal,144,1,1
goal,145,0,1
goal,145,1,1
goal,146,0,1
goal,146,1,1
goal,147,0,0
goal,147,1,0
goal,148,0,1
goal,148,1,1
goal,149,0,0
goal,149,1,1
goal,150,0,0
goal,150,1,0
goal,151,0,0
goal,151,1,0
goal,152,0,0
goal,152,1,0
goal,153,0,0
goal,153,1,1
goal,154,0,0
goal,154,1,1
goal,155,0,1
goal,155,1,1
goal,156,0,0
goal,156,1,0
goal,157,0,0
goal,157,1,0
goal,158,0,0
goal,158,1,1
goal,159,0,0
goal,159,1,1
goal,160,0,1
goal,160,1,1
goal,161,0,1
goal,161,1,1
goal,162,0,0
goal,162,1,0
goal,163,0,1
goal,163,1,1
goal,164,0,0
goal,164,1,1
goal,165,0,1
goal,165,1,1
goal,166,0,0
goal,166,1,0
goal,167,0,0
goal,167,1,0
goal,168,0,0
goal,168,1,1
goal,169,0,0
goal,169,1,1
goal,170,0,1
goal,170,1,1
goal,171,0,1
goal,171,1,1
goal,172,0,0
goal,172,1,0
goal,173,0,1
goal,173,1,1
goal,174,0,0
goal,174,1,1
goal,175,0,0
goal,175,1,0
goal,176,0,0
goal,176,1,0
goal,177,0,0
goal,177,1,0
goal,178,0,0
goal,178,1,1
goal,179,0,0
goal,179,1,1
goal,180,0,1
goal,180,1,1
goal,181,0,0
goal,181,1,0
goal,182,0,0
goal,182,1,0
goal,183,0,0
goal,183,1,1
goal,184,0,0
goal,184,1,1
goal,185,0,1
goal,185,1,1
goal,186,0,1
goal,186,1,1
goal,187,0,0
goal,187,1,0
goal,188,0,1
goal,188,1,1
goal,189,0,0
goal,189,1,1
goal,190,0,1
goal,190,1,1
goal,191,0,0
goal,191,1,0
goal,192,0,0
goal,192,1,0
goal,193,0,0
goal,193,1,1
goal,194,0,0
goal,194,1,1
goal,195,0,1
goal,195,1,1
goal,196,0,1
goal,196,1,1
goal,197,0,0
goal,197,1,0
goal,198,0,1
goal,198,1,1
goal,199,0,0
goal,199,1,1
goal,200,0,0
goal,200,1,0
goal,201,0,0
goal,201,1,0
goal,202,0,0
goal,202,1,0
goal,203,0,0
goal,203,1,1
goal,204,0,0
goal,204,1,1
goal,205,0,1
goal,205,1,1
goal,206,0,0
goal,206,1,0
goal,207,0,0
goal,207,1,0
goal,208,0,0
goal,208,1,1
goal,209,0,0
goal,209,1,1
goal,210,0,1
goal,210,1,1
goal,211,0,1
goal,211,1,1
goal,212,0,0
goal,212,1,0
goal,213,0,1
goal,213,1,1
goal,214,0,0
goal,214,1,1
goal,215,0,1
goal,215,1,1
goal,216,0,0
goal,216,1,0
goal,217,0,0
goal,217,1,0
goal,218,0,0
goal,218,1,1
goal,219,0,0
goal,219,1,1
goal,220,0,1
goal,220,1,1
goal,221,0,1
goal,221,1,1
goal,222,0,0
goal,222,1,0
goal,223,0,1
goal,223,1,1
goal,224,0,0
goal,224,1,1
goal,225,0,0
goal,225,1,0
goal,226,0,0
goal,226,1,0
goal,227,0,0
goal,227,1,0
goal,228,0,0
goal,228,1,1
goal,229,0,0
goal,229,1,1
goal,230,0,1
goal,230,1,1
goal,231,0,0
goal,231,1,0
goal,232,0,0
goal,232,1,0
goal,233,0,0
goal,233,1,1
goal,234,0,0
goal,234,1,1
goal,235,0,1
goal,235,1,1
goal,236,0,1
goal,236,1,1
goal,237,0,0
goal,237,1,0
goal,238,0,1
goal,238,1,1
goal,239,0,0
goal,239,1,1
goal,240,0,1
goal,240,1,1
goal,241,0,0
goal,241,1,0
goal,242,0,0
goal,242,1,0
goal,243,0,0
goal,243,1,1
goal,244,0,0
goal,244,1,1
goal,245,0,1
goal,245,1,1
goal,246,0,1
goal,246,1,1
goal,247,0,0
goal,247,1,0
goal,248,0,1
goal,248,1,1
goal,249,0,0
goal,249,1,1
goal,250,0,0
goal,250,1,0
goal,251,0,0
goal,251,1,0
goal,252,0,0
goal,252,1,0
goal,253,0,0
goal,253,1,1
goal,254,0,0
goal,254,1,1
goal,255,0,1
goal,255,1,1
goal,256,0,0
goal,256,1,0
goal,257,0,0
goal,257,1,0
goal,258,0,0
goal,258,1,1
goal,259,0,0
goal,259,1,1
goal,260,0,1
goal,260,1,1
goal,261,0,1
goal,261,1,1
goal,262,0,0
goal,262,1,0
goal,263,0,1
goal,263,1,1
goal,264,0,0
goal,264,1,1
goal,265,0,1
goal,265,1,1
goal,266,0,0
goal,266,1,0
goal,267,0,0
goal,267,1,0
goal,268,0,0
goal,268,1,1
goal,269,0,0
goal,269,1,1
goal,270,0,1
goal,270,1,1
goal,271,0,1
goal,271,1,1
goal,272,0,0
goal,272,1,0
goal,273,0,1
goal,273,1,1
goal,274,0,0
goal,274,1,1
goal,275,0,0
goal,275,1,0
goal,276,0,0
goal,276,1,0
goal,277,0,0
goal,277,1,0
goal,278,0,0
goal,278,1,1
goal,279,0,0
goal,279,1,1
goal,280,0,1
goal,280,1,1
goal,281,0,0
goal,281,1,0
goal,282,0,0
goal,282,1,0
goal,283,0,0
goal,283,1,1
goal,284,0,0
goal,284,1,1
goal,285,0,1
goal,285,1,1
goal,286,0,1
goal,286,1,1
goal,287,0,0
goal,287,1,0
goal,288,0,1
goal,288,1,1
goal,289,0,0
goal,289,1,1
goal,290,0,1
goal,290,1,1
goal,291,0,0
goal,291,1,0
goal,292,0,0
goal,292,1,0
goal,293,0,0
goal,293,1,1
goal,294,0,0
goal,294,1,1
goal,295,0,1
goal,295,1,1
goal,296,0,1
goal,296,1,1
goal,297,0,0
goal,297,1,0
goal,298,0,1
goal,298,1,1
goal,299,0,0
goal,299,1,1
goal,300,0,0
goal,300,1,0
goal,301,0,0
goal,301,1,0
goal,302,0,0
goal,302,1,0
goal,303,0,0
goal,303,1,1
goal,304,0,0
goal,304,1,1
goal,305,0,1
goal,305,1,1
goal,306,0,0
goal,306,1,0
goal,307,0,0
goal,307,1,0
goal,308,0,0
goal,308,1,1
goal,309,0,0
goal,309,1,1
goal,310,0,1
goal,310,1,1
goal,311,0,1
goal,311,1,1
goal,312,0,0
goal,312,1,0
goal,313,0,1
goal,313,1,1
goal,314,0,0
goal,314,1,1
goal,315,0,1
goal,315,1,1
goal,316,0,0
goal,316,1,0
goal,317,0,0
goal,317,1,0
goal,318,0,0
goal,318,1,1
goal,319,0,0
goal,319,1,1
goal,320,0,1
goal,320,1,1
goal,321,0,1
goal,321,1,1
goal,322,0,0
goal,322,1,0
goal,323,0,1
goal,323,1,1
goal,324,0,0
goal,324,1,1
goal,325,0,0
goal,325,1,0
goal,326,0,0
goal,326,1,0
goal,327,0,0
goal,327,1,0
goal,328,0,0
goal,328,1,1
goal,329,0,0
goal,329,1,1
goal,330,0,1
goal,330,1,1
goal,331,0,0
goal,331,1,0
goal,332,0,0
goal,332,1,0
goal,333,0,0
goal,333,1,1
goal,334,0,0
goal,334,1,1
goal,335,0,1
goal,335,1,1
goal,336,0,1
goal,336,1,1
goal,337,0,0
goal,337,1,0
goal,338,0,1
goal,338,1,1
goal,339,0,0
goal,339,1,1
goal,340,0,1
goal,340,1,1
goal,341,0,0
goal,341,1,0
goal,342,0,0
goal,342,1,0
goal,343,0,0
goal,343,1,1
goal,344,0,0
goal,344,1,1
goal,345,0,1
goal,345,1,1
goal,346,0,1
goal,346,1,1
goal,347,0,0
goal,347,1,0
goal,348,0,1
goal,348,1,1
goal,349,0,0
goal,349,1,1
goal,350,0,0
goal,350,1,0
goal,351,0,0
goal,351,1,0
goal,352,0,0
goal,352,1,0
goal,353,0,0
goal,353,1,1
goal,354,0,0
goal,354,1,1
goal,355,0,1
goal,355,1,1
goal,356,0,0
goal,356,1,0
goal,357,0,0
goal,357,1,0
goal,358,0,0
goal,358,1,1
goal,359,0,0
goal,359,1,1
goal,360,0,1
goal,360,1,1
goal,361,0,1
goal,361,1,1
goal,362,0,0
goal,362,1,0
goal,363,0,1
goal,363,1,1
goal,364,0,0
goal,364,1,1
goal,365,0,1
goal,365,1,1
goal,366,0,0
goal,366,1,0
goal,367,0,0
goal,367,1,0
goal,368,0,0
goal,368,1,1
goal,369,0,0
goal,369,1,1
goal,370,0,1
goal,370,1,1
goal,371,0,1
goal,371,1,1
goal,372,0,0
goal,372,1,0
goal,373,0,1
goal,373,1,1
goal,374,0,0
goal,374,1,1
goal,375,0,0
goal,375,1,0
goal,376,0,0
goal,376,1,0
goal,377,0,0
goal,377,1,0
goal,378,0,0
goal,378,1,1
goal,379,0,0
goal,379,1,1
goal,380,0,1
goal,380,1,1
goal,381,0,0
goal,381,1,0
goal,382,0,0
goal,382,1,0
goal,383,0,0
goal,383,1,1
goal,384,0,0
goal,384,1,1
goal,385,0,1
goal,385,1,1
goal,386,0,1
goal,386,1,1
goal,387,0,0
goal,387,1,0
goal,388,0,1
goal,388,1,1
goal,389,0,0
goal,389,1,1
goal,390,0,1
goal,390,1,1
goal,391,0,0
goal,391,1,0
goal,392,0,0
goal,392,1,0
goal,393,0,0
goal,393,1,1
goal,394,0,0
goal,394,1,1
goal,395,0,1
goal,395,1,1
goal,396,0,1
goal,396,1,1
goal,397,0,0
goal,397,1,0
goal,398,0,1
goal,398,1,1
goal,399,0,0
goal,399,1,1
goal,400,0,0
goal,400,1,0
goal,401,0,0
goal,401,1,0
goal,402,0,0
goal,402,1,0
goal,403,0,0
goal,403,1,1
goal,404,0,0
goal,404,1,1
goal,405,0,1
goal,405,1,1
goal,406,0,0
goal,406,1,0
goal,407,0,0
goal,407,1,0
goal,408,0,0
goal,408,1,1
goal,409,0,0
goal,409,1,1
goal,410,0,1
goal,410,1,1
goal,411,0,1
goal,411,1,1
goal,412,0,0
goal,412,1,0
goal,413,0,1
goal,413,1,1
goal,414,0,0
goal,414,1,1
goal,415,0,1
goal,415,1,1
goal,416,0,0
goal,416,1,0
goal,417,0,0
goal,417,1,0
goal,418,0,0
goal,418,1,1
goal,419,0,0
goal,419,1,1
goal,420,0,1
goal,420,1,1
goal,421,0,1
goal,421,1,1
goal,422,0,0
goal,422,1,0
goal,423,0,1
goal,423,1,1
goal,424,0,0
goal,424,1,1
goal,425,0,0
goal,425,1,0
goal,426,0,0
goal,426,1,0
goal,427,0,0
goal,427,1,0
goal,428,0,0
goal,428,1,1
goal,429,0,0
goal,429,1,1
goal,430,0,1
goal,430,1,1
goal,431,0,0
goal,431,1,0
goal,432,0,0
goal,432,1,0
goal,433,0,0
goal,433,1,1
goal,434,0,0
goal,434,1,1
goal,435,0,1
goal,435,1,1
goal,436,0,1
goal,436,1,1
goal,437,0,0
goal,437,1,0
goal,438,0,1
goal,438,1,1
goal,439,0,0
goal,439,1,1
goal,440,0,1
goal,440,1,1
goal,441,0,0
goal,441,1,0
goal,442,0,0
goal,442,1,0
goal,443,0,0
goal,443,1,1
goal,444,0,0
goal,444,1,1
goal,445,0,1
goal,445,1,1
goal,446,0,1
goal,446,1,1
goal,447,0,0
goal,447,1,0
goal,448,0,1
goal,448,1,1
goal,449,0,0
goal,449,1,1
goal,450,0,0
goal,450,1,0
goal,451,0,0
goal,451,1,0
goal,452,0,0
goal,452,1,0
goal,453,0,0
goal,453,1,1
goal,454,0,0
goal,454,1,1
goal,455,0,1
goal,455,1,1
goal,456,0,0
goal,456,1,0
goal,457,0,0
goal,457,1,0
goal,458,0,0
goal,458,1,1
goal,459,0,0
goal,459,1,1
goal,460,0,1
goal,460,1,1
goal,461,0,1
goal,461,1,1
goal,462,0,0
goal,462,1,0
goal,463,0,1
goal,463,1,1
goal,464,0,0
goal,464,1,1
goal,465,0,1
goal,465,1,1
goal,466,0,0
goal,466,1,0
goal,467,0,0
goal,467,1,0
goal,468,0,0
goal,468,1,1
goal,469,0,0
goal,469,1,1
goal,470,0,1
goal,470,1,1
goal,471,0,1
goal,471,1,1
goal,472,0,0
goal,472,1,0
goal,473,0,1
goal,473,1,1
goal,474,0,0
goal,474,1,1
goal,475,0,0
goal,475,1,0
goal,476,0,0
goal,476,1,0
goal,477,0,0
goal,477,1,0
goal,478,0,0
goal,478,1,1
goal,479,0,0
goal,479,1,1
goal,480,0,1
goal,480,1,1
goal,481,0,0
goal,481,1,0
goal,482,0,0
goal,482,1,0
goal,483,0,0
goal,483,1,1
goal,484,0,0
goal,484,1,1
goal,485,0,1
goal,485,1,1
goal,486,0,1
goal,486,1,1
goal,487,0,0
goal,487,1,0
goal,488,0,1
goal,488,1,1
goal,489,0,0
goal,489,1,1
goal,490,0,1
goal,490,1,1
goal,491,0,0
goal,491,1,0
goal,492,0,0
goal,492,1,0
goal,493,0,0
goal,493,1,1
goal,494,0,0
goal,494,1,1
goal,495,0,1
goal,495,1,1
goal,496,0,1
goal,496,1,1
goal,497,0,0
goal,497,1,0
goal,498,0,1
goal,498,1,1
goal,499,0,0
goal,499,1,1
goal,500,0,0
goal,500,1,0
goal,501,0,0
goal,501,1,0
goal,502,0,0
goal,502,1,0
goal,503,0,0
goal,503,1,1
goal,504,0,0
goal,504,1,1
goal,505,0,1
goal,505,1,1
goal,506,0,0
goal,506,1,0
goal,507,0,0
goal,507,1,0
goal,508,0,0
goal,508,1,1
goal,509,0,0
goal,509,1,1
goal,510,0,1
goal,510,1,1
goal,511,0,1
goal,511,1,1
goal,512,0,0
goal,512,1,0
goal,513,0,1
goal,513,1,1
goal,514,0,0
goal,514,1,1
goal,515,0,1
goal,515,1,1
goal,516,0,0
goal,516,1,0
goal,517,0,0
goal,517,1,0
goal,518,0,0
goal,518,1,1
goal,519,0,0
goal,519,1,1
goal,520,0,1
goal,520,1,1
goal,521,0,1
goal,521,1,1
goal,522,0,0
goal,522,1,0
goal,523,0,1
goal,523,1,1
goal,524,0,0
goal,524,1,1
goal,525,0,0
goal,525,1,0
goal,526,0,0
goal,526,1,0
goal,527,0,0
goal,527,1,0
goal,528,0,0
goal,528,1,1
goal,529,0,0
goal,529,1,1
goal,530,0,1
goal,530,1,1
goal,531,0,0
goal,531,1,0
goal,532,0,0
goal,532,1,0
goal,533,0,0
goal,533,1,1
goal,534,0,0
goal,534,1,1
goal,535,0,1
goal,535,1,1
goal,536,0,1
goal,536,1,1
goal,537,0,0
goal,537,1,0
goal,538,0,1
goal,538,1,1
goal,539,0,0
goal,539,1,1
goal,540,0,1
goal,540,1,1
goal,541,0,0
goal,541,1,0
goal,542,0,0
goal,542,1,0
goal,543,0,0
goal,543,1,1
goal,544,0,0
goal,544,1,1
goal,545,0,1
goal,545,1,1
goal,546,0,1
goal,546,1,1
goal,547,0,0
goal,547,1,0
goal,548,0,1
goal,548,1,1
goal,549,0,0
goal,549,1,1
goal,550,0,0
goal,550,1,0
goal,551,0,0
goal,551,1,0
goal,552,0,0
goal,552,1,0
goal,553,0,0
goal,553,1,1
goal,554,0,0
goal,554,1,1
goal,555,0,1
goal,555,1,1
goal,556,0,0
goal,556,1,0
goal,557,0,0
goal,557,1,0
goal,558,0,0
goal,558,1,1
goal,559,0,0
goal,559,1,1
goal,560,0,1
goal,560,1,1
goal,561,0,1
goal,561,1,1
goal,562,0,0
goal,562,1,0
goal,563,0,1
goal,563,1,1
goal,564,0,0
goal,564,1,1
goal,565,0,1
goal,565,1,1
goal,566,0,0
goal,566,1,0
goal,567,0,0
goal,567,1,0
goal,568,0,0
goal,568,1,1
goal,569,0,0
goal,569,1,1
goal,570,0,1
goal,570,1,1
goal,571,0,1
goal,571,1,1
goal,572,0,0
goal,572,1,0
goal,573,0,1
goal,573,1,1
goal,574,0,0
goal,574,1,1
goal,575,0,0
goal,575,1,0
goal,576,0,0
goal,576,1,0
goal,577,0,0
goal,577,1,0
goal,578,0,0
goal,578,1,1
goal,579,0,0
goal,579,1,1
goal,580,0,1
goal,580,1,1
goal,581,0,0
goal,581,1,0
goal,582,0,0
goal,582,1,0
goal,583,0,0
goal,583,1,1
goal,584,0,0
goal,584,1,1
goal,585,0,1
goal,585,1,1
goal,586,0,1
goal,586,1,1
goal,587,0,0
goal,587,1,0
goal,588,0,1
goal,588,1,1
goal,589,0,0
goal,589,1,1
goal,590,0,1
goal,590,1,1
goal,591,0,0
goal,591,1,0
goal,592,0,0
goal,592,1,0
goal,593,0,0
goal,593,1,1
goal,594,0,0
goal,594,1,1
goal,595,0,1
goal,595,1,1
goal,596,0,1
goal,596,1,1
goal,597,0,0
goal,597,1,0
goal,598,0,1
goal,598,1,1
goal,599,0,0
goal,599,1,1
goal,600,0,0
goal,600,1,0
goal,601,0,0
goal,601,1,0
goal,602,0,0
goal,602,1,0
goal,603,0,0
goal,603,1,1
goal,604,0,0
goal,604,1,1
goal,605,0,1
goal,605,1,1
goal,606,0,0
goal,606,1,0
goal,607,0,0
goal,607,1,0
goal,608,0,0
goal,608,1,1
goal,609,0,0
goal,609,1,1
goal,610,0,1
goal,610,1,1
goal,611,0,1
goal,611,1,1
goal,612,0,0
goal,612,1,0
goal,613,0,1
goal,613,1,1
goal,614,0,0
goal,614,1,1
goal,615,0,1
goal,615,1,1
goal,616,0,0
goal,616,1,0
goal,617,0,0
goal,617,1,0
goal,618,0,0
goal,618,1,1
goal,619,0,0
goal,619,1,1
goal,620,0,1
goal,620,1,1
goal,621,0,1
goal,621,1,1
goal,622,0,0
goal,622,1,0
goal,623,0,1
goal,623,1,1
goal,624,0,0
goal,624,1,1
no-goal,0,0,0
no-goal,0,1,0
no-goal,1,0,0
no-goal,1,1,0
no-goal,2,0,0
no-goal,2,1,0
no-goal,3,0,0
no-goal,3,1,1
no-goal,4,0,0
no-goal,4,1,1
no-goal,5,0,0
no-goal,5,1,0
no-goal,6,0,0
no-goal,6,1,0
no-goal,7,0,0
no-goal,7,1,0
no-goal,8,0,0
no-goal,8,1,0
no-goal,9,0,0
no-goal,9,1,0
no-goal,10,0,0
no-goal,10,1,0
no-goal,11,0,0
no-goal,11,1,0
no-goal,12,0,0
no-goal,12,1,0
no-goal,13,0,0
no-goal,13,1,0
no-goal,14,0,0
no-goal,14,1,0
no-goal,15,0,0
no-goal,15,1,0
no-goal,16,0,0
no-goal,16,1,0
no-goal,17,0,0
no-goal,17,1,0
no-goal,18,0,0
no-goal,18,1,0
no-goal,19,0,0
no-goal,19,1,0
no-goal,20,0,0
no-goal,20,1,0
no-goal,21,0,0
no-goal,21,1,0
no-goal,22,0,0
no-goal,22,1,0
no-goal,23,0,0
no-goal,23,1,0
no-goal,24,0,0
no-goal,24,1,0
no-goal,25,0,0
no-goal,25,1,0
no-goal,26,0,0
no-goal,26,1,0
no-goal,27,0,0
no-goal,27,1,0
no-goal,28,0,0
no-goal,28,1,1
no-goal,29,0,0
no-goal,29,1,1
no-goal,30,0,0
no-goal,30,1,0
no-goal,31,0,0
no-goal,31,1,0
no-goal,32,0,0
no-goal,32,1,0
no-goal,33,0,0
no-goal,33,1,0
no-goal,34,0,0
no-goal,34,1,0
no-goal,35,0,0
no-goal,35,1,0
no-goal,36,0,0
no-goal,36,1,0
no-goal,37,0,0
no-goal,37,1,0
no-goal,38,0,0
no-goal,38,1,0
no-goal,39,0,0
no-goal,39,1,0
no-goal,40,0,0
no-goal,40,1,1
no-goal,41,0,0
no-goal,41,1,0
no-goal,42,0,0
no-goal,42,1,0
no-goal,43,0,0
no-goal,43,1,1
no-goal,44,0,0
no-goal,44,1,1
no-goal,45,0,0
no-goal,45,1,1
no-goal,46,0,0
no-goal,46,1,1
no-goal,47,0,0
no-goal,47,1,0
no-goal,48,0,0
no-goal,48,1,1
no-goal,49,0,0
no-goal,49,1,1
no-goal,50,0,0
no-goal,50,1,0
no-goal,51,0,0
no-goal,51,1,0
no-goal,52,0,0
no-goal,52,1,0
no-goal,53,0,0
no-goal,53,1,1
no-goal,54,0,0
no-goal,54,1,1
no-goal,55,0,0
no-goal,55,1,0
no-goal,56,0,0
no-goal,56,1,0
no-goal,57,0,0
no-goal,57,1,0
no-goal,58,0,0
no-goal,58,1,0
no-goal,59,0,0
no-goal,59,1,0
no-goal,60,0,0
no-goal,60,1,0
no-goal,61,0,0
no-goal,61,1,0
no-goal,62,0,0
no-goal,62,1,0
no-goal,63,0,0
no-goal,63,1,0
no-goal,64,0,0
no-goal,64,1,0
no-goal,65,0,0
no-goal,65,1,1
no-goal,66,0,0
no-goal,66,1,0
no-goal,67,0,0
no-goal,67,1,0
no-goal,68,0,0
no-goal,68,1,1
no-goal,69,0,0
no-goal,69,1,1
no-goal,70,0,0
no-goal,70,1,1
no-goal,71,0,0
no-goal,71,1,1
no-goal,72,0,0
no-goal,72,1,0
no-goal,73,0,0
no-goal,73,1,1
no-goal,74,0,0
no-goal,74,1,1
no-goal,75,0,0
no-goal,75,1,0
no-goal,76,0,0
no-goal,76,1,0
no-goal,77,0,0
no-goal,77,1,0
no-goal,78,0,0
no-goal,78,1,1
no-goal,79,0,0
no-goal,79,1,1
no-goal,80,0,0
no-goal,80,1,1
no-goal,81,0,0
no-goal,81,1,0
no-goal,82,0,0
no-goal,82,1,0
no-goal,83,0,0
no-goal,83,1,1
no-goal,84,0,0
no-goal,84,1,1
no-goal,85,0,0
no-goal,85,1,1
no-goal,86,0,0
no-goal,86,1,1
no-goal,87,0,0
no-goal,87,1,0
no-goal,88,0,0
no-goal,88,1,1
no-goal,89,0,0
no-goal,89,1,1
no-goal,90,0,0
no-goal,90,1,1
no-goal,91,0,0
no-goal,91,1,0
no-goal,92,0,0
no-goal,92,1,0
no-goal,93,0,0
no-goal,93,1,1
no-goal,94,0,0
no-goal,94,1,1
no-goal,95,0,0
no-goal,95,1,1
no-goal,96,0,0
no-goal,96,1,1
no-goal,97,0,0
no-goal,97,1,0
no-goal,98,0,0
no-goal,98,1,1
no-goal,99,0,0
no-goal,99,1,1
no-goal,100,0,0
no-goal,100,1,0
no-goal,101,0,0
no-goal,101,1,0
no-goal,102,0,0
no-goal,102,1,0
no-goal,103,0,0
no-goal,103,1,1
no-goal,104,0,0
no-goal,104,1,1
no-goal,105,0,0
no-goal,105,1,1
no-goal,106,0,0
no-goal,106,1,0
no-goal,107,0,0
no-goal,107,1,0
no-goal,108,0,0
no-goal,108,1,1
no-goal,109,0,0
no-goal,109,1,1
no-goal,110,0,0
no-goal,110,1,1
no-goal,111,0,0
no-goal,111,1,1
no-goal,112,0,0
no-goal,112,1,0
no-goal,113,0,0
no-goal,113,1,1
no-goal,114,0,0
no-goal,114,1,1
no-goal,115,0,0
no-goal,115,1,1
no-goal,116,0,0
no-goal,116,1,0
no-goal,117,0,0
no-goal,117,1,0
no-goal,118,0,0
no-goal,118,1,1
no-goal,119,0,0
no-goal,119,1,1
no-goal,120,0,0
no-goal,120,1,1
no-goal,121,0,0
no-goal,121,1,1
no-goal,122,0,0
no-goal,122,1,0
no-goal,123,0,0
no-goal,123,1,1
no-goal,124,0,0
no-goal,124,1,1
no-goal,125,0,0
no-goal,125,1,0
no-goal,126,0,0
no-goal,126,1,0
no-goal,127,0,0
no-goal,127,1,0
no-goal,128,0,0
no-goal,128,1,1
no-goal,129,0,0
no-goal,129,1,1
no-goal,130,0,0
no-goal,130,1,0
no-goal,131,0,0
no-goal,131,1,0
no-goal,132,0,0
no-goal,132,1,0
no-goal,133,0,0
no-goal,133,1,0
no-goal,134,0,0
no-goal,134,1,0
no-goal,135,0,0
no-goal,135,1,0
no-goal,136,0,0
no-goal,136,1,0
no-goal,137,0,0
no-goal,137,1,0
no-goal,138,0,0
no-goal,138,1,0
no-goal,139,0,0
no-goal,139,1,0
no-goal,140,0,0
no-goal,140,1,0
no-goal,141,0,0
no-goal,141,1,0
no-goal,142,0,0
no-goal,142,1,0
no-goal,143,0,0
no-goal,143,1,0
no-goal,144,0,0
no-goal,144,1,0
no-goal,145,0,0
no-goal,145,1,0
no-goal,146,0,0
no-goal,146,1,0
no-goal,147,0,0
no-goal,147,1,0
no-goal,148,0,0
no-goal,148,1,0
no-goal,149,0,0
no-goal,149,1,0
no-goal,150,0,0
no-goal,150,1,0
no-goal,151,0,0
no-goal,151,1,0
no-goal,152,0,0
no-goal,152,1,0
no-goal,153,0,0
no-goal,153,1,1
no-goal,154,0,0
no-goal,154,1,1
no-goal,155,0,0
no-goal,155,1,0
no-goal,156,0,0
no-goal,156,1,0
no-goal,157,0,0
no-goal,157,1,0
no-goal,158,0,0
no-goal,158,1,0
no-goal,159,0,0
no-goal,159,1,0
no-goal,160,0,0
no-goal,160,1,0
no-goal,161,0,0
no-goal,161,1,0
no-goal,162,0,0
no-goal,162,1,0
no-goal,163,0,0
no-goal,163,1,0
no-goal,164,0,0
no-goal,164,1,0
no-goal,165,0,0
no-goal,165,1,0
no-goal,166,0,0
no-goal,166,1,0
no-goal,167,0,0
no-goal,167,1,0
no-goal,168,0,0
no-goal,168,1,0
no-goal,169,0,0
no-goal,169,1,0
no-goal,170,0,0
no-goal,170,1,0
no-goal,171,0,0
no-goal,171,1,0
no-goal,172,0,0
no-goal,172,1,0
no-goal,173,0,0
no-goal,173,1,0
no-goal,174,0,0
no-goal,174,1,0
no-goal,175,0,0
no-goal,175,1,0
no-goal,176,0,0
no-goal,176,1,0
no-goal,177,0,0
no-goal,177,1,0
no-goal,178,0,0
no-goal,178,1,1
no-goal,179,0,0
no-goal,179,1,1
no-goal,180,0,0
no-goal,180,1,0
no-goal,181,0,0
no-goal,181,1,0
no-goal,182,0,0
no-goal,182,1,0
no-goal,183,0,0
no-goal,183,1,0
no-goal,184,0,0
no-goal,184,1,0
no-goal,185,0,0
no-goal,185,1,0
no-goal,186,0,0
no-goal,186,1,0
no-goal,187,0,0
no-goal,187,1,0
no-goal,188,0,0
no-goal,188,1,0
no-goal,189,0,0
no-goal,189,1,0
no-goal,190,0,0
no-goal,190,1,1
no-goal,191,0,0
no-goal,191,1,0
no-goal,192,0,0
no-goal,192,1,0
no-goal,193,0,0
no-goal,193,1,1
no-goal,194,0,0
no-goal,194,1,1
no-goal,195,0,0
no-goal,195,1,1
no-goal,196,0,0
no-goal,196,1,1
no-goal,197,0,0
no-goal,197,1,0
no-goal,198,0,0
no-goal,198,1,1
no-goal,199,0,0
no-goal,199,1,1
no-goal,200,0,0
no-goal,200,1,0
no-goal,201,0,0
no-goal,201,1,0
no-goal,202,0,0
no-goal,202,1,0
no-goal,203,0,0
no-goal,203,1,1
no-goal,204,0,0
no-goal,204,1,1
no-goal,205,0,0
no-goal,205,1,0
no-goal,206,0,0
no-goal,206,1,0
no-goal,207,0,0
no-goal,207,1,0
no-goal,208,0,0
no-goal,208,1,0
no-goal,209,0,0
no-goal,209,1,0
no-goal,210,0,0
no-goal,210,1,0
no-goal,211,0,0
no-goal,211,1,0
no-goal,212,0,0
no-goal,212,1,0
no-goal,213,0,0
no-goal,213,1,0
no-goal,214,0,0
no-goal,214,1,0
no-goal,215,0,0
no-goal,215,1,0
no-goal,216,0,0
no-goal,216,1,0
no-goal,217,0,0
no-goal,217,1,0
no-goal,218,0,0
no-goal,218,1,0
no-goal,219,0,0
no-goal,219,1,0
no-goal,220,0,0
no-goal,220,1,0
no-goal,221,0,0
no-goal,221,1,0
no-goal,222,0,0
no-goal,222,1,0
no-goal,223,0,0
no-goal,223,1,0
no-goal,224,0,0
no-goal,224,1,0
no-goal,225,0,0
no-goal,225,1,0
no-goal,226,0,0
no-goal,226,1,0
no-goal,227,0,0
no-goal,227,1,0
no-goal,228,0,0
no-goal,228,1,1
no-goal,229,0,0
no-goal,229,1,1
no-goal,230,0,0
no-goal,230,1,1
no-goal,231,0,0
no-goal,231,1,0
no-goal,232,0,0
no-goal,232,1,0
no-goal,233,0,0
no-goal,233,1,1
no-goal,234,0,0
no-goal,234,1,1
no-goal,235,0,0
no-goal,235,1,1
no-goal,236,0,0
no-goal,236,1,1
no-goal,237,0,0
no-goal,237,1,0
no-goal,238,0,0
no-goal,238,1,1
no-goal,239,0,0
no-goal,239,1,1
no-goal,240,0,0
no-goal,240,1,1
no-goal,241,0,0
no-goal,241,1,0
no-goal,242,0,0
no-goal,242,1,0
no-goal,243,0,0
no-goal,243,1,1
no-goal,244,0,0
no-goal,244,1,1
no-goal,245,0,0
no-goal,245,1,1
no-goal,246,0,0
no-goal,246,1,1
no-goal,247,0,0
no-goal,247,1,0
no-goal,248,0,0
no-goal,248,1,1
no-goal,249,0,0
no-goal,249,1,1
no-goal,250,0,0
no-goal,250,1,0
no-goal,251,0,0
no-goal,251,1,0
no-goal,252,0,0
no-goal,252,1,0
no-goal,253,0,0
no-goal,253,1,1
no-goal,254,0,0
no-goal,254,1,1
no-goal,255,0,0
no-goal,255,1,0
no-goal,256,0,0
no-goal,256,1,0
no-goal,257,0,0
no-goal,257,1,0
no-goal,258,0,0
no-goal,258,1,0
no-goal,259,0,0
no-goal,259,1,0
no-goal,260,0,0
no-goal,260,1,0
no-goal,261,0,0
no-goal,261,1,0
no-goal,262,0,0
no-goal,262,1,0
no-goal,263,0,0
no-goal,263,1,0
no-goal,264,0,0
no-goal,264,1,0
no-goal,265,0,0
no-goal,265,1,0
no-goal,266,0,0
no-goal,266,1,0
no-goal,267,0,0
no-goal,267,1,0
no-goal,268,0,0
no-goal,268,1,0
no-goal,269,0,0
no-goal,269,1,0
no-goal,270,0,0
no-goal,270,1,0
no-goal,271,0,0
no-goal,271,1,0
no-goal,272,0,0
no-goal,272,1,0
no-goal,273,0,0
no-goal,273,1,0
no-goal,274,0,0
no-goal,274,1,0
no-goal,275,0,0
no-goal,275,1,0
no-goal,276,0,0
no-goal,276,1,0
no-goal,277,0,0
no-goal,277,1,0
no-goal,278,0,0
no-goal,278,1,1
no-goal,279,0,0
no-goal,279,1,1
no-goal,280,0,0
no-goal,280,1,0
no-goal,281,0,0
no-goal,281,1,0
no-goal,282,0,0
no-goal,282,1,0
no-goal,283,0,0
no-goal,283,1,0
no-goal,284,0,0
no-goal,284,1,0
no-goal,285,0,0
no-goal,285,1,0
no-goal,286,0,0
no-goal,286,1,0
no-goal,287,0,0
no-goal,287,1,0
no-goal,288,0,0
no-goal,288,1,0
no-goal,289,0,0
no-goal,289,1,0
no-goal,290,0,0
no-goal,290,1,0
no-goal,291,0,0
no-goal,291,1,0
no-goal,292,0,0
no-goal,292,1,0
no-goal,293,0,0
no-goal,293,1,0
no-goal,294,0,0
no-goal,294,1,0
no-goal,295,0,0
no-goal,295,1,0
no-goal,296,0,0
no-goal,296,1,0
no-goal,297,0,0
no-goal,297,1,0
no-goal,298,0,0
no-goal,298,1,0
no-goal,299,0,0
no-goal,299,1,0
no-goal,300,0,0
no-goal,300,1,0
no-goal,301,0,0
no-goal,301,1,0
no-goal,302,0,0
no-goal,302,1,0
no-goal,303,0,0
no-goal,303,1,1
no-goal,304,0,0
no-goal,304,1,1
no-goal,305,0,0
no-goal,305,1,0
no-goal,306,0,0
no-goal,306,1,0
no-goal,307,0,0
no-goal,307,1,0
no-goal,308,0,0
no-goal,308,1,0
no-goal,309,0,0
no-goal,309,1,0
no-goal,310,0,0
no-goal,310,1,0
no-goal,311,0,0
no-goal,311,1,0
no-goal,312,0,0
no-goal,312,1,0
no-goal,313,0,0
no-goal,313,1,0
no-goal,314,0,0
no-goal,314,1,0
no-goal,315,0,0
no-goal,315,1,0
no-goal,316,0,0
no-goal,316,1,0
no-goal,317,0,0
no-goal,317,1,0
no-goal,318,0,0
no-goal,318,1,0
no-goal,319,0,0
no-goal,319,1,0
no-goal,320,0,0
no-goal,320,1,0
no-goal,321,0,0
no-goal,321,1,0
no-goal,322,0,0
no-goal,322,1,0
no-goal,323,0,0
no-goal,323,1,0
no-goal,324,0,0
no-goal,324,1,0
no-goal,325,0,0
no-goal,325,1,0
no-goal,326,0,0
no-goal,326,1,0
no-goal,327,0,0
no-goal,327,1,0
no-goal,328,0,0
no-goal,328,1,1
no-goal,329,0,0
no-goal,329,1,1
no-goal,330,0,0
no-goal,330,1,0
no-goal,331,0,0
no-goal,331,1,0
no-goal,332,0,0
no-goal,332,1,0
no-goal,333,0,0
no-goal,333,1,0
no-goal,334,0,0
no-goal,334,1,0
no-goal,335,0,0
no-goal,335,1,0
no-goal,336,0,0
no-goal,336,1,0
no-goal,337,0,0
no-goal,337,1,0
no-goal,338,0,0
no-goal,338,1,0
no-goal,339,0,0
no-goal,339,1,0
no-goal,340,0,0
no-goal,340,1,0
no-goal,341,0,0
no-goal,341,1,0
no-goal,342,0,0
no-goal,342,1,0
no-goal,343,0,0
no-goal,343,1,0
no-goal,344,0,0
no-goal,344,1,0
no-goal,345,0,0
no-goal,345,1,0
no-goal,346,0,0
no-goal,346,1,0
no-goal,347,0,0
no-goal,347,1,0
no-goal,348,0,0
no-goal,348,1,0
no-goal,349,0,0
no-goal,349,1,0
no-goal,350,0,0
no-goal,350,1,0
no-goal,351,0,0
no-goal,351,1,0
no-goal,352,0,0
no-goal,352,1,0
no-goal,353,0,0
no-goal,353,1,1
no-goal,354,0,0
no-goal,354,1,1
no-goal,355,0,0
no-goal,355,1,0
no-goal,356,0,0
no-goal,356,1,0
no-goal,357,0,0
no-goal,357,1,0
no-goal,358,0,0
no-goal,358,1,0
no-goal,359,0,0
no-goal,359,1,0
no-goal,360,0,0
no-goal,360,1,0
no-goal,361,0,0
no-goal,361,1,0
no-goal,362,0,0
no-goal,362,1,0
no-goal,363,0,0
no-goal,363,1,0
no-goal,364,0,0
no-goal,364,1,0
no-goal,365,0,0
no-goal,365,1,0
no-goal,366,0,0
no-goal,366,1,0
no-goal,367,0,0
no-goal,367,1,0
no-goal,368,0,0
no-goal,368,1,0
no-goal,369,0,0
no-goal,369,1,0
no-goal,370,0,0
no-goal,370,1,0
no-goal,371,0,0
no-goal,371,1,0
no-goal,372,0,0
no-goal,372,1,0
no-goal,373,0,0
no-goal,373,1,0
no-goal,374,0,0
no-goal,374,1,0
no-goal,375,0,0
no-goal,375,1,0
no-goal,376,0,0
no-goal,376,1,0
no-goal,377,0,0
no-goal,377,1,0
no-goal,378,0,0
no-goal,378,1,1
no-goal,379,0,0
no-goal,379,1,1
no-goal,380,0,0
no-goal,380,1,1
no-goal,381,0,0
no-goal,381,1,0
no-goal,382,0,0
no-goal,382,1,0
no-goal,383,0,0
no-goal,383,1,1
no-goal,384,0,0
no-goal,384,1,1
no-goal,385,0,0
no-goal,385,1,1
no-goal,386,0,0
no-goal,386,1,1
no-goal,387,0,0
no-goal,387,1,0
no-goal,388,0,0
no-goal,388,1,1
no-goal,389,0,0
no-goal,389,1,1
no-goal,390,0,0
no-goal,390,1,1
no-goal,391,0,0
no-goal,391,1,0
no-goal,392,0,0
no-goal,392,1,0
no-goal,393,0,0
no-goal,393,1,1
no-goal,394,0,0
no-goal,394,1,1
no-goal,395,0,0
no-goal,395,1,1
no-goal,396,0,0
no-goal,396,1,1
no-goal,397,0,0
no-goal,397,1,0
no-goal,398,0,0
no-goal,398,1,1
no-goal,399,0,0
no-goal,399,1,1
no-goal,400,0,0
no-goal,400,1,0
no-goal,401,0,0
no-goal,401,1,0
no-goal,402,0,0
no-goal,402,1,0
no-goal,403,0,0
no-goal,403,1,1
no-goal,404,0,0
no-goal,404,1,1
no-goal,405,0,0
no-goal,405,1,0
no-goal,406,0,0
no-goal,406,1,0
no-goal,407,0,0
no-goal,407,1,0
no-goal,408,0,0
no-goal,408,1,0
no-goal,409,0,0
no-goal,409,1,0
no-goal,410,0,0
no-goal,410,1,0
no-goal,411,0,0
no-goal,411,1,0
no-goal,412,0,0
no-goal,412,1,0
no-goal,413,0,0
no-goal,413,1,0
no-goal,414,0,0
no-goal,414,1,0
no-goal,415,0,0
no-goal,415,1,1
no-goal,416,0,0
no-goal,416,1,0
no-goal,417,0,0
no-goal,417,1,0
no-goal,418,0,0
no-goal,418,1,1
no-goal,419,0,0
no-goal,419,1,1
no-goal,420,0,0
no-goal,420,1,1
no-goal,421,0,0
no-goal,421,1,1
no-goal,422,0,0
no-goal,422,1,0
no-goal,423,0,0
no-goal,423,1,1
no-goal,424,0,0
no-goal,424,1,1
no-goal,425,0,0
no-goal,425,1,0
no-goal,426,0,0
no-goal,426,1,0
no-goal,427,0,0
no-goal,427,1,0
no-goal,428,0,0
no-goal,428,1,1
no-goal,429,0,0
no-goal,429,1,1
no-goal,430,0,0
no-goal,430,1,0
no-goal,431,0,0
no-goal,431,1,0
no-goal,432,0,0
no-goal,432,1,0
no-goal,433,0,0
no-goal,433,1,0
no-goal,434,0,0
no-goal,434,1,0
no-goal,435,0,0
no-goal,435,1,0
no-goal,436,0,0
no-goal,436,1,0
no-goal,437,0,0
no-goal,437,1,0
no-goal,438,0,0
no-goal,438,1,0
no-goal,439,0,0
no-goal,439,1,0
no-goal,440,0,0
no-goal,440,1,1
no-goal,441,0,0
no-goal,441,1,0
no-goal,442,0,0
no-goal,442,1,0
no-goal,443,0,0
no-goal,443,1,1
no-goal,444,0,0
no-goal,444,1,1
no-goal,445,0,0
no-goal,445,1,1
no-goal,446,0,0
no-goal,446,1,1
no-goal,447,0,0
no-goal,447,1,0
no-goal,448,0,0
no-goal,448,1,1
no-goal,449,0,0
no-goal,449,1,1
no-goal,450,0,0
no-goal,450,1,0
no-goal,451,0,0
no-goal,451,1,0
no-goal,452,0,0
no-goal,452,1,0
no-goal,453,0,0
no-goal,453,1,1
no-goal,454,0,0
no-goal,454,1,1
no-goal,455,0,0
no-goal,455,1,1
no-goal,456,0,0
no-goal,456,1,0
no-goal,457,0,0
no-goal,457,1,0
no-goal,458,0,0
no-goal,458,1,1
no-goal,459,0,0
no-goal,459,1,1
no-goal,460,0,0
no-goal,460,1,1
no-goal,461,0,0
no-goal,461,1,1
no-goal,462,0,0
no-goal,462,1,0
no-goal,463,0,0
no-goal,463,1,1
no-goal,464,0,0
no-goal,464,1,1
no-goal,465,0,0
no-goal,465,1,1
no-goal,466,0,0
no-goal,466,1,0
no-goal,467,0,0
no-goal,467,1,0
no-goal,468,0,0
no-goal,468,1,1
no-goal,469,0,0
no-goal,469,1,1
no-goal,470,0,0
no-goal,470,1,1
no-goal,471,0,0
no-goal,471,1,1
no-goal,472,0,0
no-goal,472,1,0
no-goal,473,0,0
no-goal,473,1,1
no-goal,474,0,0
no-goal,474,1,1
no-goal,475,0,0
no-goal,475,1,0
no-goal,476,0,0
no-goal,476,1,0
no-goal,477,0,0
no-goal,477,1,0
no-goal,478,0,0
no-goal,478,1,1
no-goal,479,0,0
no-goal,479,1,1
no-goal,480,0,0
no-goal,480,1,1
no-goal,481,0,0
no-goal,481,1,0
no-goal,482,0,0
no-goal,482,1,0
no-goal,483,0,0
no-goal,483,1,1
no-goal,484,0,0
no-goal,484,1,1
no-goal,485,0,0
no-goal,485,1,1
no-goal,486,0,0
no-goal,486,1,1
no-goal,487,0,0
no-goal,487,1,0
no-goal,488,0,0
no-goal,488,1,1
no-goal,489,0,0
no-goal,489,1,1
no-goal,490,0,0
no-goal,490,1,1
no-goal,491,0,0
no-goal,491,1,0
no-goal,492,0,0
no-goal,492,1,0
no-goal,493,0,0
no-goal,493,1,1
no-goal,494,0,0
no-goal,494,1,1
no-goal,495,0,0
no-goal,495,1,1
no-goal,496,0,0
no-goal,496,1,1
no-goal,497,0,0
no-goal,497,1,0
no-goal,498,0,0
no-goal,498,1,1
no-goal,499,0,0
no-goal,499,1,1
no-goal,500,0,0
no-goal,500,1,0
no-goal,501,0,0
no-goal,501,1,0
no-goal,502,0,0
no-goal,502,1,0
no-goal,503,0,0
no-goal,503,1,1
no-goal,504,0,0
no-goal,504,1,1
no-goal,505,0,0
no-goal,505,1,1
no-goal,506,0,0
no-goal,506,1,0
no-goal,507,0,0
no-goal,507,1,0
no-goal,508,0,0
no-goal,508,1,1
no-goal,509,0,0
no-goal,509,1,1
no-goal,510,0,0
no-goal,510,1,1
no-goal,511,0,0
no-goal,511,1,1
no-goal,512,0,0
no-goal,512,1,0
no-goal,513,0,0
no-goal,513,1,1
no-goal,514,0,0
no-goal,514,1,1
no-goal,515,0,0
no-goal,515,1,1
no-goal,516,0,0
no-goal,516,1,0
no-goal,517,0,0
no-goal,517,1,0
no-goal,518,0,0
no-goal,518,1,1
no-goal,519,0,0
no-goal,519,1,1
no-goal,520,0,0
no-goal,520,1,1
no-goal,521,0,0
no-goal,521,1,1
no-goal,522,0,0
no-goal,522,1,0
no-goal,523,0,0
no-goal,523,1,1
no-goal,524,0,0
no-goal,524,1,1
no-goal,525,0,0
no-goal,525,1,0
no-goal,526,0,0
no-goal,526,1,0
no-goal,527,0,0
no-goal,527,1,0
no-goal,528,0,0
no-goal,528,1,1
no-goal,529,0,0
no-goal,529,1,1
no-goal,530,0,0
no-goal,530,1,0
no-goal,531,0,0
no-goal,531,1,0
no-goal,532,0,0
no-goal,532,1,0
no-goal,533,0,0
no-goal,533,1,0
no-goal,534,0,0
no-goal,534,1,1
no-goal,535,0,0
no-goal,535,1,0
no-goal,536,0,0
no-goal,536,1,0
no-goal,537,0,0
no-goal,537,1,0
no-goal,538,0,0
no-goal,538,1,0
no-goal,539,0,0
no-goal,539,1,0
no-goal,540,0,0
no-goal,540,1,1
no-goal,541,0,0
no-goal,541,1,0
no-goal,542,0,0
no-goal,542,1,0
no-goal,543,0,0
no-goal,543,1,1
no-goal,544,0,0
no-goal,544,1,1
no-goal,545,0,0
no-goal,545,1,1
no-goal,546,0,0
no-goal,546,1,1
no-goal,547,0,0
no-goal,547,1,0
no-goal,548,0,0
no-goal,548,1,1
no-goal,549,0,0
no-goal,549,1,1
no-goal,550,0,0
no-goal,550,1,0
no-goal,551,0,0
no-goal,551,1,0
no-goal,552,0,0
no-goal,552,1,0
no-goal,553,0,0
no-goal,553,1,1
no-goal,554,0,0
no-goal,554,1,1
no-goal,555,0,0
no-goal,555,1,0
no-goal,556,0,0
no-goal,556,1,0
no-goal,557,0,0
no-goal,557,1,0
no-goal,558,0,0
no-goal,558,1,0
no-goal,559,0,0
no-goal,559,1,0
no-goal,560,0,0
no-goal,560,1,0
no-goal,561,0,0
no-goal,561,1,0
no-goal,562,0,0
no-goal,562,1,0
no-goal,563,0,0
no-goal,563,1,0
no-goal,564,0,0
no-goal,564,1,0
no-goal,565,0,0
no-goal,565,1,1
no-goal,566,0,0
no-goal,566,1,0
no-goal,567,0,0
no-goal,567,1,0
no-goal,568,0,0
no-goal,568,1,1
no-goal,569,0,0
no-goal,569,1,1
no-goal,570,0,0
no-goal,570,1,1
no-goal,571,0,0
no-goal,571,1,1
no-goal,572,0,0
no-goal,572,1,0
no-goal,573,0,0
no-goal,573,1,1
no-goal,574,0,0
no-goal,574,1,1
no-goal,575,0,0
no-goal,575,1,0
no-goal,576,0,0
no-goal,576,1,0
no-goal,577,0,0
no-goal,577,1,0
no-goal,578,0,0
no-goal,578,1,1
no-goal,579,0,0
no-goal,579,1,1
no-goal,580,0,0
no-goal,580,1,1
no-goal,581,0,0
no-goal,581,1,0
no-goal,582,0,0
no-goal,582,1,0
no-goal,583,0,0
no-goal,583,1,1
no-goal,584,0,0
no-goal,584,1,1
no-goal,585,0,0
no-goal,585,1,1
no-goal,586,0,0
no-goal,586,1,1
no-goal,587,0,0
no-goal,587,1,0
no-goal,588,0,0
no-goal,588,1,1
no-goal,589,0,0
no-goal,589,1,1
no-goal,590,0,0
no-goal,590,1,1
no-goal,591,0,0
no-goal,591,1,0
no-goal,592,0,0
no-goal,592,1,0
no-goal,593,0,0
no-goal,593,1,1
no-goal,594,0,0
no-goal,594,1,1
no-goal,595,0,0
no-goal,595,1,1
no-goal,596,0,0
no-goal,596,1,1
no-goal,597,0,0
no-goal,597,1,0
no-goal,598,0,0
no-goal,598,1,1
no-goal,599,0,0
no-goal,599,1,1
no-goal,600,0,0
no-goal,600,1,0
no-goal,601,0,0
no-goal,601,1,0
no-goal,602,0,0
no-goal,602,1,0
no-goal,603,0,0
no-goal,603,1,1
no-goal,604,0,0
no-goal,604,1,1
no-goal,605,0,0
no-goal,605,1,1
no-goal,606,0,0
no-goal,606,1,0
no-goal,607,0,0
no-goal,607,1,0
no-goal,608,0,0
no-goal,608,1,1
no-goal,609,0,0
no-goal,609,1,1
no-goal,610,0,0
no-goal,610,1,1
no-goal,611,0,0
no-goal,611,1,1
no-goal,612,0,0
no-goal,612,1,0
no-goal,613,0,0
no-goal,613,1,1
no-goal,614,0,0
no-goal,614,1,1
no-goal,615,0,0
no-goal,615,1,1
no-goal,616,0,0
no-goal,616,1,0
no-goal,617,0,0
no-goal,617,1,0
no-goal,618,0,0
no-goal,618,1,1
no-goal,619,0,0
no-goal,619,1,1
no-goal,620,0,0
no-goal,620,1,1
no-goal,621,0,0
no-goal,621,1,1
no-goal,622,0,0
no-goal,622,1,0
no-goal,623,0,0
no-goal,623,1,1
no-goal,624,0,0
no-goal,624,1,1
