states,tasks,returning_ring,normalized_edges,summary_arcs,live,wall_seconds,whole_graph_oracle_used
8,1,0,8,0,1,0.00020740000002206216,1
8,1,1,9,1,0,0.0002588449999620934,1
8,4,0,8,0,1,0.00013340700002117956,1
8,4,1,9,1,0,0.00021456199999647652,1
8,8,0,8,0,1,0.00012737499991999357,1
8,8,1,9,1,0,0.00022581899997931032,1
16,1,0,16,0,1,0.0003570940000372502,1
16,1,1,17,1,0,0.0003939430000627908,1
16,4,0,16,0,1,0.00034692299993821507,1
16,4,1,17,1,0,0.0004233729999896241,1
16,8,0,16,0,1,0.0003190359999507564,1
16,8,1,17,1,0,0.0005215390000330444,1
32,1,0,32,0,1,0.0017496799999889845,1
32,1,1,33,1,0,0.0017310340000449287,1
32,4,0,32,0,1,0.0016591150000522248,1
32,4,1,33,1,0,0.0017597169999135076,1
32,8,0,32,0,1,0.0015599670000483457,1
32,8,1,33,1,0,0.0018502159999798096,1
64,1,0,64,0,1,0.010191007000003083,1
64,1,1,65,1,0,0.010212049999950068,1
64,4,0,64,0,1,0.01103923499999837,1
64,4,1,65,1,0,0.01103998800010686,1
64,8,0,64,0,1,0.009749204999934591,0
64,8,1,65,1,0,0.010935128000028271,0
128,1,0,128,0,1,0.06807516000003488,1
128,1,1,129,1,0,0.07423665199996776,1
128,4,0,128,0,1,0.08293137399994066,1
128,4,1,129,1,0,0.07164871500003756,1
128,8,0,128,0,1,0.07473423999999795,0
128,8,1,129,1,0,0.07465526199996475,0
